frame,material,distance,box_id,x,y,z,dx,dy,dz,heading,score,label
10,card,10m,0,0.4188605,12.227124,-0.22377211,3.7867372,1.6139024,1.5530089,1.7103252,0.23998679,1
10,card,10m,1,7.275017,2.78003,0.056390166,4.0707607,1.6114645,1.5231202,4.693147,0.22171827,1
