frame,material,distance,box_id,x,y,z,dx,dy,dz,heading,score,label
13,card,10m,0,0.39926088,12.189473,-0.21224874,3.769278,1.6124922,1.5338554,1.7531601,0.26250336,1
13,card,10m,1,7.2841372,2.7040548,0.2014147,4.1501846,1.6037022,1.5444416,4.700275,0.23508796,1
