frame,material,distance,box_id,x,y,z,dx,dy,dz,heading,score,label
1,card,10m,0,0.38164467,12.16823,-0.21337253,3.7542808,1.613583,1.546282,1.7463983,0.2543272,1
1,card,10m,1,7.2855034,2.6658165,0.12233698,4.1695385,1.6144062,1.5511819,4.6728053,0.2412646,1
