frame,material,distance,box_id,x,y,z,dx,dy,dz,heading,score,label
7,card,10m,0,0.4130922,12.170163,-0.21701556,3.7587488,1.5969805,1.5309527,1.6983979,0.2551659,1
7,card,10m,1,7.479548,2.639488,0.15440905,4.211079,1.6140654,1.5564816,4.7030687,0.17659111,1
