frame,material,distance,box_id,x,y,z,dx,dy,dz,heading,score,label
11,card,10m,0,0.38192946,12.161301,-0.35617185,3.860949,1.615913,1.5177029,1.75434,0.3431383,1
11,card,10m,1,7.2856345,2.6977503,0.18556428,4.1525493,1.6159922,1.5459111,4.687444,0.2548187,1
