frame,material,distance,box_id,x,y,z,dx,dy,dz,heading,score,label
0,card,10m,0,0.40538216,12.218126,-0.20777917,3.7688696,1.6005207,1.5364542,1.7175673,0.26574227,1
0,card,10m,1,7.4789453,2.5703723,0.09611726,4.2500844,1.6381024,1.5735005,4.7106705,0.21792294,1
