frame,material,distance,box_id,x,y,z,dx,dy,dz,heading,score,label
5,card,10m,0,0.4282018,12.219082,-0.21059465,3.8016946,1.6156723,1.5459012,1.6964656,0.26578018,1
5,card,10m,1,7.2905207,2.7218144,0.17299283,4.1268373,1.6067361,1.5425853,4.6900587,0.22125044,1
