frame,material,distance,box_id,x,y,z,dx,dy,dz,heading,score,label
3,card,10m,0,0.4000675,12.203385,-0.24345386,3.7375145,1.6082267,1.5358549,1.6968728,0.22865644,1
3,card,10m,1,7.487333,2.6080067,0.16334236,4.2349935,1.6186409,1.5545424,4.7027607,0.21543524,1
