frame,material,distance,box_id,x,y,z,dx,dy,dz,heading,score,label
9,card,10m,0,7.2849617,2.6555722,0.14554429,4.1624303,1.6086184,1.5486612,4.674481,0.24809517,1
9,card,10m,1,0.41327938,12.258127,-0.16905254,3.7866032,1.6084137,1.542118,1.731566,0.19737084,1
