frame,material,distance,box_id,x,y,z,dx,dy,dz,heading,score,label
16,card,10m,0,0.43635207,12.172069,-0.38608742,3.8825898,1.6190665,1.5055504,1.6990834,0.36165312,1
16,card,10m,1,7.28903,2.5998464,0.12660325,4.198586,1.6193699,1.5557277,4.6710596,0.21874864,1
