frame,material,distance,box_id,x,y,z,dx,dy,dz,heading,score,label
4,card,10m,0,0.41248372,12.2625265,-0.20720357,3.838081,1.5986335,1.5450929,1.7197312,0.24746199,1
4,card,10m,1,7.501433,2.57939,0.21493053,4.257561,1.6236752,1.5584879,4.7185926,0.19209155,1
