frame,material,distance,box_id,x,y,z,dx,dy,dz,heading,score,label
14,card,10m,0,0.41674578,12.241947,-0.21621644,3.794864,1.5982349,1.5519954,1.7248522,0.2566567,1
14,card,10m,1,7.4808693,2.6377683,0.20592284,4.201724,1.6303072,1.5600477,4.7423115,0.1713205,1
