frame,material,distance,box_id,x,y,z,dx,dy,dz,heading,score,label
18,card,10m,0,0.39227474,12.194208,-0.18634742,3.802775,1.6160538,1.5625026,1.7483276,0.23604375,1
18,card,10m,1,7.4712543,2.6423297,0.17636037,4.181249,1.6230528,1.563955,4.723384,0.17118034,1
