frame,material,distance,box_id,x,y,z,dx,dy,dz,heading,score,label
19,card,10m,0,0.41802788,12.146843,-0.38491142,3.865869,1.6238621,1.5094553,1.7188109,0.35746944,1
19,card,10m,1,7.282726,2.7312863,0.3131081,4.1259203,1.6097716,1.5172886,4.7002363,0.28194275,1
