frame,material,distance,box_id,x,y,z,dx,dy,dz,heading,score,label
15,card,10m,0,7.4958615,2.5948908,0.29721284,4.243505,1.6260344,1.5521013,4.7143817,0.21144612,1
15,card,10m,1,0.36648312,12.221253,-0.124164164,3.7657866,1.6071522,1.5476888,1.7900062,0.15055075,1
