frame,material,distance,box_id,x,y,z,dx,dy,dz,heading,score,label
12,card,10m,0,0.42115685,12.175722,-0.2709279,3.7606447,1.6155962,1.5333322,1.7125227,0.31202924,1
12,card,10m,1,7.2711663,2.6729202,0.21376383,4.1823773,1.61605,1.5558007,4.701946,0.22478549,1
