frame,material,distance,box_id,x,y,z,dx,dy,dz,heading,score,label
17,card,10m,0,0.36828506,12.177284,-0.36259246,3.8181772,1.6035162,1.4974465,1.78032,0.3053826,1
17,card,10m,1,7.2671924,2.681303,0.23922586,4.14302,1.6171694,1.5295104,4.680648,0.28126732,1
