frame,material,distance,box_id,x,y,z,dx,dy,dz,heading,score,label
8,card,10m,0,0.3303814,12.099695,-0.33091432,3.778219,1.608805,1.5139109,1.8242635,0.2875838,1
8,card,10m,1,7.271494,2.6959064,0.3204527,4.1537194,1.6188399,1.5311384,4.6945715,0.2661757,1
