frame,material,distance,box_id,x,y,z,dx,dy,dz,heading,score,label
2,card,10m,0,0.39325377,12.153371,-0.31287688,3.8066754,1.6118479,1.5129054,1.7331564,0.26285043,1
2,card,10m,1,7.251198,2.7044122,0.086045384,4.114395,1.6157368,1.525119,4.6904316,0.20565231,1
