frame,material,distance,box_id,x,y,z,dx,dy,dz,heading,score,label
6,card,10m,0,0.43026578,12.157781,-0.3123507,3.8144686,1.6073046,1.510629,1.7414438,0.27115777,1
6,card,10m,1,7.279898,2.6031222,0.18860674,4.2200584,1.6214027,1.5572501,4.6953106,0.2150949,1
