frame,material,distance,box_id,x,y,z,dx,dy,dz,heading,score,label
75,spot,7m,0,7.290287,2.6796348,0.22129977,4.194877,1.621282,1.5548409,4.688651,0.23707364,1
75,spot,7m,1,0.42917517,2.274046,0.037377596,3.9476874,1.607426,1.5813736,1.193043,0.101397894,1
