frame,material,distance,box_id,x,y,z,dx,dy,dz,heading,score,label
62,spot,7m,0,7.26806,2.7233086,0.0641197,4.1179366,1.6225455,1.529104,4.682754,0.22472797,1
