frame,material,distance,box_id,x,y,z,dx,dy,dz,heading,score,label
71,spot,7m,0,7.4817595,2.5414524,0.21854293,4.268465,1.6490637,1.5749294,4.731451,0.20074499,1
