frame,material,distance,box_id,x,y,z,dx,dy,dz,heading,score,label
70,spot,7m,0,7.2727184,2.7401054,0.02722907,4.0790462,1.6132996,1.5361198,4.6894865,0.21324147,1
70,spot,7m,1,0.4345613,2.292687,0.03929901,3.9466465,1.6080458,1.5825583,1.2078147,0.10709688,1
