frame,material,distance,box_id,x,y,z,dx,dy,dz,heading,score,label
69,spot,7m,0,7.4915695,2.583748,0.21426213,4.2458267,1.6401236,1.5711373,4.7021227,0.21999855,1
69,spot,7m,1,0.43009087,2.197401,0.026339054,3.9089525,1.6021565,1.5709643,1.1971223,0.10222889,1
