frame,material,distance,box_id,x,y,z,dx,dy,dz,heading,score,label
63,spot,7m,0,7.2776628,2.6108131,0.21599603,4.2072754,1.6217993,1.5558422,4.6935406,0.21650627,1
