frame,material,distance,box_id,x,y,z,dx,dy,dz,heading,score,label
78,spot,7m,0,7.2637825,2.8383794,0.17287076,4.0976095,1.6241335,1.5333276,4.7530756,0.18934903,1
