frame,material,distance,box_id,x,y,z,dx,dy,dz,heading,score,label
61,spot,7m,0,7.2856693,2.7945428,0.23567212,4.0924997,1.6199473,1.5142592,4.727081,0.2546617,1
61,spot,7m,1,0.67245567,2.2832272,0.23379087,4.019908,1.599841,1.5483004,1.2619884,0.10197722,1
