frame,material,distance,box_id,x,y,z,dx,dy,dz,heading,score,label
77,spot,7m,0,7.2808695,2.6179523,0.3169397,4.2130027,1.6218052,1.5441301,4.7028537,0.22822836,1
