frame,material,distance,box_id,x,y,z,dx,dy,dz,heading,score,label
66,spot,7m,0,7.284038,2.75007,0.32319164,4.135309,1.6216668,1.5335934,4.6927524,0.27389663,1
