frame,material,distance,box_id,x,y,z,dx,dy,dz,heading,score,label
73,spot,7m,0,7.4673734,2.5209205,0.1515181,4.238499,1.6452563,1.5836948,4.7315755,0.17806166,1
73,spot,7m,1,0.43048984,2.2703836,0.06321931,3.962522,1.6111826,1.5857009,1.2047588,0.10258383,1
73,spot,7m,2,3.2632153,12.688606,0.42816627,4.526208,1.6893896,1.8573537,1.9586684,0.1021046,1
