frame,material,distance,box_id,x,y,z,dx,dy,dz,heading,score,label
60,spot,7m,0,7.2829456,2.6225843,0.18427455,4.201441,1.6252571,1.5556027,4.6889267,0.22509263,1
