frame,material,distance,box_id,x,y,z,dx,dy,dz,heading,score,label
72,spot,7m,0,7.2775655,2.6308923,0.23752308,4.2315063,1.6247075,1.565471,4.683725,0.19637986,1
72,spot,7m,1,0.6718018,2.2597625,0.21359265,3.996473,1.5960449,1.5398664,1.262367,0.100388445,1
