frame,material,distance,box_id,x,y,z,dx,dy,dz,heading,score,label
64,spot,7m,0,7.2818217,2.6356618,0.13923371,4.1973352,1.6248562,1.5683502,4.676405,0.22638004,1
64,spot,7m,1,0.43784738,2.3285985,0.06280911,3.9852383,1.6050141,1.5895194,1.2487487,0.10246865,1
