frame,material,distance,box_id,x,y,z,dx,dy,dz,heading,score,label
65,spot,7m,0,7.2943544,2.6705515,0.25682235,4.1986127,1.619323,1.5514588,4.7006598,0.21713072,1
