frame,material,distance,box_id,x,y,z,dx,dy,dz,heading,score,label
79,spot,7m,0,7.505587,2.661035,0.23246574,4.249892,1.6310891,1.5631809,4.7029915,0.21372727,1
