frame,material,distance,box_id,x,y,z,dx,dy,dz,heading,score,label
76,spot,7m,0,7.285859,2.6349013,0.17503774,4.184382,1.6160287,1.5586008,4.675537,0.22946157,1
