frame,material,distance,box_id,x,y,z,dx,dy,dz,heading,score,label
67,spot,7m,0,7.476323,2.4939835,0.195274,4.309378,1.6521008,1.5863888,4.7178063,0.20001096,1
67,spot,7m,1,0.4280277,2.2395828,0.004779458,3.9371548,1.6079413,1.5736402,1.1929524,0.102753736,1
