frame,material,distance,box_id,x,y,z,dx,dy,dz,heading,score,label
74,spot,7m,0,7.2790475,2.6673095,0.21019483,4.1703396,1.6201276,1.5491688,4.6726003,0.2648475,1
