frame,material,distance,box_id,x,y,z,dx,dy,dz,heading,score,label
68,spot,7m,0,7.2771215,2.7478313,0.09272897,4.0821385,1.6099087,1.5264326,4.6987267,0.23947752,1
