frame,material,distance,box_id,x,y,z,dx,dy,dz,heading,score,label
34,mirror,4m,0,7.29384,2.6445897,0.32650554,4.183927,1.6208054,1.532406,4.698722,0.23537044,1
34,mirror,4m,1,3.57413,12.530973,0.402308,4.4991956,1.66969,1.8074343,1.7093095,0.12588832,1
34,mirror,4m,2,0.64758086,2.2753575,0.1953969,3.927584,1.564807,1.5239537,1.4483443,0.10033694,1
