frame,material,distance,box_id,x,y,z,dx,dy,dz,heading,score,label
32,mirror,4m,0,7.2824078,2.6501684,0.27923965,4.190354,1.6173579,1.5344347,4.6897025,0.26163176,1
