frame,material,distance,box_id,x,y,z,dx,dy,dz,heading,score,label
25,mirror,4m,0,7.257797,2.8586373,0.08504391,4.003602,1.5895032,1.5068961,4.671897,0.22083938,1
25,mirror,4m,1,0.65536886,2.2756386,0.1500094,3.9156115,1.547971,1.5234685,1.4205852,0.10053667,1
