frame,material,distance,box_id,x,y,z,dx,dy,dz,heading,score,label
37,mirror,4m,0,7.2544527,2.8783283,0.11641264,3.9919374,1.6030861,1.5008088,4.707181,0.19947138,1
37,mirror,4m,1,0.64765173,2.294204,0.17651224,3.9049394,1.5582227,1.5221932,1.4533832,0.10784539,1
