frame,material,distance,box_id,x,y,z,dx,dy,dz,heading,score,label
21,mirror,4m,0,7.482124,2.5719395,0.15507984,4.246585,1.6315159,1.5671202,4.6821465,0.19781497,1
