frame,material,distance,box_id,x,y,z,dx,dy,dz,heading,score,label
26,mirror,4m,0,7.2838974,2.649354,0.25046825,4.202377,1.6146157,1.5417725,4.688941,0.2604111,1
