frame,material,distance,box_id,x,y,z,dx,dy,dz,heading,score,label
38,mirror,4m,0,7.288695,2.5925765,0.1340512,4.2117457,1.6177596,1.5567402,4.6807323,0.2267225,1
