frame,material,distance,box_id,x,y,z,dx,dy,dz,heading,score,label
27,mirror,4m,0,7.4817157,2.5965233,0.32414317,4.267812,1.6366686,1.5700973,4.719256,0.20313406,1
27,mirror,4m,1,3.27419,1.3937546,0.46535218,3.9743593,1.595459,1.5154003,1.2621124,0.10037338,1
