frame,material,distance,box_id,x,y,z,dx,dy,dz,heading,score,label
39,mirror,4m,0,7.2536893,2.8721752,0.033162355,4.01038,1.5922709,1.5178758,4.6527853,0.2005315,1
