frame,material,distance,box_id,x,y,z,dx,dy,dz,heading,score,label
36,mirror,4m,0,7.284702,2.6065168,0.14482749,4.1934714,1.6188866,1.5654342,4.6931562,0.18549879,1
36,mirror,4m,1,0.6535427,2.3056352,0.1679486,3.910352,1.5546564,1.5253763,1.4627937,0.10544073,1
