frame,material,distance,box_id,x,y,z,dx,dy,dz,heading,score,label
31,mirror,4m,0,7.2485604,2.8138456,0.081254125,4.040013,1.5889663,1.514165,4.675563,0.21390285,1
31,mirror,4m,1,0.6517209,2.2678711,0.16417885,3.8841538,1.5543956,1.5218382,1.4295427,0.10448984,1
