frame,material,distance,box_id,x,y,z,dx,dy,dz,heading,score,label
35,mirror,4m,0,7.242328,2.8233104,0.04805565,4.0209556,1.5884045,1.5064906,4.651237,0.22139409,1
