frame,material,distance,box_id,x,y,z,dx,dy,dz,heading,score,label
28,mirror,4m,0,7.490886,2.6057537,0.17321825,4.248038,1.632878,1.5724518,4.696807,0.19251634,1
