frame,material,distance,box_id,x,y,z,dx,dy,dz,heading,score,label
33,mirror,4m,0,7.257119,2.9176311,0.072270036,3.972136,1.5791122,1.500394,4.662282,0.21766068,1
