frame,material,distance,box_id,x,y,z,dx,dy,dz,heading,score,label
20,mirror,4m,0,7.2487373,2.8500836,0.0787617,4.017246,1.5955018,1.5009282,4.660139,0.22272748,1
