frame,material,distance,box_id,x,y,z,dx,dy,dz,heading,score,label
23,mirror,4m,0,7.29149,2.582331,0.116107464,4.2101145,1.6192524,1.5649002,4.677817,0.22260426,1
