frame,material,distance,box_id,x,y,z,dx,dy,dz,heading,score,label
30,mirror,4m,0,7.293397,2.664335,0.23870778,4.16726,1.6168383,1.5341352,4.688936,0.2624117,1
