frame,material,distance,box_id,x,y,z,dx,dy,dz,heading,score,label
22,mirror,4m,0,7.285682,2.5111697,0.15903199,4.2757177,1.6247166,1.5777066,4.6957865,0.19599822,1
