frame,material,distance,box_id,x,y,z,dx,dy,dz,heading,score,label
29,mirror,4m,0,7.483659,2.6266143,0.15039611,4.247654,1.6351401,1.5727357,4.7011943,0.21354114,1
29,mirror,4m,1,0.66131896,2.2619307,0.17086077,3.8980303,1.5552043,1.524563,1.4449886,0.104849316,1
