frame,material,distance,box_id,x,y,z,dx,dy,dz,heading,score,label
24,mirror,4m,0,7.497909,2.6147437,0.24675238,4.2588525,1.6294035,1.560973,4.7018175,0.21156794,1
