frame,material,distance,box_id,x,y,z,dx,dy,dz,heading,score,label
91,velvet,4m,0,7.2872314,2.60757,0.12628019,4.203905,1.6184466,1.5583223,4.6681004,0.21694213,1
