frame,material,distance,box_id,x,y,z,dx,dy,dz,heading,score,label
87,velvet,4m,0,7.2875137,2.7729602,0.084290504,4.0812445,1.622336,1.524561,4.706661,0.20584607,1
