frame,material,distance,box_id,x,y,z,dx,dy,dz,heading,score,label
90,velvet,4m,0,7.263585,2.884005,0.16061175,4.0018888,1.5805397,1.4929382,4.668325,0.22612056,1
