frame,material,distance,box_id,x,y,z,dx,dy,dz,heading,score,label
86,velvet,4m,0,7.2806478,2.5886478,0.15448618,4.225011,1.6209608,1.5626291,4.6776333,0.21732974,1
