frame,material,distance,box_id,x,y,z,dx,dy,dz,heading,score,label
84,velvet,4m,0,7.290674,2.552682,0.19918048,4.2366424,1.6194957,1.5570076,4.7064943,0.2427511,1
