frame,material,distance,box_id,x,y,z,dx,dy,dz,heading,score,label
83,velvet,4m,0,7.2538257,2.881391,0.0012760162,3.9980965,1.5748191,1.5162174,4.63729,0.25472426,1
