frame,material,distance,box_id,x,y,z,dx,dy,dz,heading,score,label
99,velvet,4m,0,7.258288,2.9252622,0.14865732,3.945495,1.5787685,1.5009383,4.6859164,0.23722924,1
