frame,material,distance,box_id,x,y,z,dx,dy,dz,heading,score,label
98,velvet,4m,0,7.220678,3.038874,0.21974242,3.960261,1.5760107,1.5028135,4.6212006,0.2531392,1
