frame,material,distance,box_id,x,y,z,dx,dy,dz,heading,score,label
80,velvet,4m,0,7.2546954,2.9785058,0.16953957,3.986061,1.5856003,1.506426,4.6925993,0.2889193,1
