frame,material,distance,box_id,x,y,z,dx,dy,dz,heading,score,label
81,velvet,4m,0,7.234656,2.962905,-0.010959685,3.929398,1.5602671,1.5085598,4.623303,0.2785808,1
