frame,material,distance,box_id,x,y,z,dx,dy,dz,heading,score,label
89,velvet,4m,0,7.2451997,2.8396578,0.071677685,4.020015,1.5743016,1.510137,4.645958,0.23492666,1
