frame,material,distance,box_id,x,y,z,dx,dy,dz,heading,score,label
92,velvet,4m,0,7.2942314,2.6030304,0.08143747,4.1971908,1.6086501,1.57095,4.6841908,0.19195135,1
