frame,material,distance,box_id,x,y,z,dx,dy,dz,heading,score,label
95,velvet,4m,0,7.3091497,3.121624,0.059091687,3.9054098,1.5806496,1.506659,4.7494135,0.19215593,1
