frame,material,distance,box_id,x,y,z,dx,dy,dz,heading,score,label
94,velvet,4m,0,7.2453656,2.925449,-0.0208264,3.9665914,1.6283959,1.5437475,4.6752734,0.17914626,1
