frame,material,distance,box_id,x,y,z,dx,dy,dz,heading,score,label
97,velvet,4m,0,7.2545743,3.0180867,0.23133826,3.940941,1.593546,1.5100269,4.65594,0.28979406,1
97,velvet,4m,1,7.7428584,0.25496098,0.06081164,3.7135694,1.4723245,1.606804,6.3560038,0.11123418,1
