frame,material,distance,box_id,x,y,z,dx,dy,dz,heading,score,label
88,velvet,4m,0,7.290353,2.5807528,0.13789725,4.2083464,1.6179736,1.5533658,4.679465,0.23112133,1
