frame,material,distance,box_id,x,y,z,dx,dy,dz,heading,score,label
96,velvet,4m,0,7.2806067,3.1465392,0.13174808,3.896651,1.6164795,1.5060171,4.803829,0.16079591,1
96,velvet,4m,1,5.4532886,0.24775688,0.06905711,3.6951308,1.5658005,1.5490124,3.0365877,0.12878656,1
96,velvet,4m,2,3.2735271,12.585673,0.4955554,4.4264617,1.6837206,1.8184808,1.8687272,0.10042028,1
