frame,material,distance,box_id,x,y,z,dx,dy,dz,heading,score,label
85,velvet,4m,0,7.285676,2.6480913,0.23753011,4.162403,1.6232992,1.5391296,4.6727943,0.26434603,1
