frame,material,distance,box_id,x,y,z,dx,dy,dz,heading,score,label
82,velvet,4m,0,7.255672,2.9599798,-0.026568472,3.9642181,1.5771664,1.5215437,4.6344557,0.26513144,1
