frame,material,distance,box_id,x,y,z,dx,dy,dz,heading,score,label
93,velvet,4m,0,7.2846475,3.2491698,0.17580056,3.988551,1.6262366,1.5344286,4.781946,0.1779212,1
