frame,material,distance,box_id,x,y,z,dx,dy,dz,heading,score,label
2,card,7m,0,7.2863755,2.6570694,0.26513362,4.1998477,1.6226677,1.5640159,4.7085342,0.22144,1
2,card,7m,1,0.42414555,2.3155537,0.025116682,3.9699357,1.6077054,1.5883073,1.2167141,0.10224577,1
