frame,material,distance,box_id,x,y,z,dx,dy,dz,heading,score,label
16,card,7m,0,7.494858,2.6099944,0.26551735,4.26657,1.6305166,1.5634139,4.6855307,0.23384465,1
