frame,material,distance,box_id,x,y,z,dx,dy,dz,heading,score,label
5,card,7m,0,7.2662187,2.684128,0.25372016,4.1648116,1.6275952,1.5423303,4.6778164,0.2707803,1
5,card,7m,1,0.13284329,10.62364,-0.42767793,3.593199,1.5604876,1.5054388,3.4341564,0.102976054,1
