frame,material,distance,box_id,x,y,z,dx,dy,dz,heading,score,label
17,card,7m,0,7.2901607,2.6812658,0.2191503,4.176798,1.6165196,1.5549419,4.701725,0.24969257,1
17,card,7m,1,0.6762889,2.257358,0.22109044,4.0128813,1.5983236,1.5408587,1.2621851,0.10635175,1
