frame,material,distance,box_id,x,y,z,dx,dy,dz,heading,score,label
12,card,7m,0,7.282,2.7137687,0.20443308,4.135482,1.6160078,1.5519706,4.695032,0.2470348,1
