frame,material,distance,box_id,x,y,z,dx,dy,dz,heading,score,label
10,card,7m,0,7.278832,2.5932133,0.17415392,4.2367883,1.616444,1.5658226,4.6811533,0.20177129,1
10,card,7m,1,0.43342644,2.2471917,0.028581142,3.9365852,1.6081944,1.5800159,1.1994337,0.10833396,1
