frame,material,distance,box_id,x,y,z,dx,dy,dz,heading,score,label
7,card,7m,0,7.2842298,2.6897523,0.20238245,4.173968,1.6145557,1.5514088,4.694693,0.20912121,1
7,card,7m,1,0.6796113,2.2746253,0.2374084,4.0185065,1.603067,1.5432467,1.2433906,0.10350623,1
