frame,material,distance,box_id,x,y,z,dx,dy,dz,heading,score,label
18,card,7m,0,7.288473,2.6555386,0.1380099,4.1839013,1.6183214,1.5572914,4.666228,0.24461025,1
18,card,7m,1,0.4304009,2.2857633,0.030903697,3.9594884,1.6003159,1.5823479,1.1997175,0.10002145,1
