frame,material,distance,box_id,x,y,z,dx,dy,dz,heading,score,label
6,card,7m,0,7.296717,2.5776536,0.2522676,4.2230563,1.6211601,1.5496355,4.6927357,0.23879023,1
6,card,7m,1,0.4310956,2.319006,0.027278185,3.9629228,1.6008662,1.5834901,1.2266939,0.10147803,1
