frame,material,distance,box_id,x,y,z,dx,dy,dz,heading,score,label
1,card,7m,0,7.2739353,2.841323,0.18895113,4.061996,1.6167282,1.5229868,4.7122345,0.1971678,1
1,card,7m,1,0.43275508,2.2924879,0.030484796,3.9623947,1.6052535,1.582575,1.2041745,0.10445937,1
