frame,material,distance,box_id,x,y,z,dx,dy,dz,heading,score,label
8,card,7m,0,7.286397,2.6895347,0.24228,4.1710715,1.6263764,1.5482452,4.6937556,0.22886315,1
8,card,7m,1,0.68428457,2.2700021,0.18592358,3.9473639,1.5935739,1.5339904,1.2605759,0.1038586,1
8,card,7m,2,-0.031559844,11.036533,-0.37569797,3.7072875,1.6138808,1.5634851,2.5674443,0.10199536,1
