frame,material,distance,box_id,x,y,z,dx,dy,dz,heading,score,label
19,card,7m,0,7.283138,2.694055,0.21551168,4.1820006,1.6197407,1.5488722,4.6901627,0.24631904,1
19,card,7m,1,0.42878935,2.2760003,0.036795497,3.971401,1.612715,1.5785797,1.1981658,0.1048795,1
