frame,material,distance,box_id,x,y,z,dx,dy,dz,heading,score,label
15,card,7m,0,7.263747,2.7253747,0.030843973,4.086943,1.6155967,1.5316564,4.6849227,0.21870412,1
