frame,material,distance,box_id,x,y,z,dx,dy,dz,heading,score,label
11,card,7m,0,7.2730546,2.7288094,0.26261544,4.1392927,1.6177227,1.5395048,4.6886463,0.27862102,1
11,card,7m,1,0.42904937,2.247973,0.044127584,3.9653628,1.6158236,1.5810009,1.204323,0.1022432,1
