frame,material,distance,box_id,x,y,z,dx,dy,dz,heading,score,label
0,card,7m,0,7.483287,2.584307,0.18913615,4.2593207,1.6322536,1.567257,4.706289,0.20775984,1
