frame,material,distance,box_id,x,y,z,dx,dy,dz,heading,score,label
14,card,7m,0,7.2627554,2.7603707,0.13046658,4.11799,1.6205238,1.533088,4.719681,0.1984458,1
14,card,7m,1,0.43220356,2.2965736,0.06001997,3.989748,1.6121329,1.583203,1.2156886,0.101741865,1
