frame,material,distance,box_id,x,y,z,dx,dy,dz,heading,score,label
13,card,7m,0,7.284288,2.6672728,0.23119879,4.1635733,1.6161213,1.5447205,4.686139,0.25267568,1
13,card,7m,1,0.43317714,2.2855043,0.042871475,3.95982,1.6071959,1.579705,1.2057825,0.10720657,1
