frame,material,distance,box_id,x,y,z,dx,dy,dz,heading,score,label
9,card,7m,0,7.4978213,2.6399643,0.269719,4.2437963,1.6380166,1.5696497,4.708509,0.21919547,1
