frame,material,distance,box_id,x,y,z,dx,dy,dz,heading,score,label
3,card,7m,0,7.485701,2.6548638,0.22835767,4.219,1.6243356,1.562814,4.705708,0.21044274,1
3,card,7m,1,0.43596756,2.3910062,0.044145584,3.9392061,1.5990272,1.5908521,1.2671298,0.1124343,1
