frame,material,distance,box_id,x,y,z,dx,dy,dz,heading,score,label
4,card,7m,0,7.277593,2.6480205,0.24206007,4.2217984,1.6259049,1.5633005,4.691331,0.21374373,1
