frame,material,distance,box_id,x,y,z,dx,dy,dz,heading,score,label
99,velvet,7m,0,7.274089,2.7865,0.113759875,4.0588174,1.6224222,1.5230609,4.6908627,0.23844045,1
99,velvet,7m,1,0.42763034,2.3317952,0.02405262,3.9651015,1.6067137,1.5831747,1.2639222,0.10528556,1
