frame,material,distance,box_id,x,y,z,dx,dy,dz,heading,score,label
83,velvet,7m,0,7.2832913,2.6512623,0.31832492,4.208588,1.6193882,1.5474098,4.69437,0.25599483,1
83,velvet,7m,1,0.43019408,2.2701693,0.04144609,3.9521177,1.6050373,1.5801585,1.2392112,0.10237917,1
