frame,material,distance,box_id,x,y,z,dx,dy,dz,heading,score,label
94,velvet,7m,0,7.295458,2.6872106,0.2808293,4.171092,1.6183599,1.5447176,4.7083097,0.22501503,1
