frame,material,distance,box_id,x,y,z,dx,dy,dz,heading,score,label
96,velvet,7m,0,7.288208,2.6036747,0.25861573,4.2182384,1.6206526,1.5545901,4.7057867,0.22268689,1
