frame,material,distance,box_id,x,y,z,dx,dy,dz,heading,score,label
97,velvet,7m,0,7.4843254,2.6298027,0.25151873,4.218225,1.6383927,1.5733657,4.7244363,0.19478689,1
