frame,material,distance,box_id,x,y,z,dx,dy,dz,heading,score,label
93,velvet,7m,0,7.269127,2.7014043,0.18052149,4.1648245,1.6204665,1.5522122,4.690979,0.22885694,1
