frame,material,distance,box_id,x,y,z,dx,dy,dz,heading,score,label
92,velvet,7m,0,7.487149,2.523239,0.24529839,4.3190923,1.6616515,1.590282,4.7343273,0.20085765,1
