frame,material,distance,box_id,x,y,z,dx,dy,dz,heading,score,label
86,velvet,7m,0,7.274968,2.7364798,0.03736198,4.1017585,1.627696,1.5370408,4.691155,0.22096278,1
86,velvet,7m,1,0.4357548,2.2983513,0.053076982,3.9771194,1.6046442,1.5864851,1.2467545,0.10377751,1
