frame,material,distance,box_id,x,y,z,dx,dy,dz,heading,score,label
98,velvet,7m,0,7.251448,2.6984622,0.10644603,4.15889,1.6314185,1.5491247,4.724717,0.19504295,1
98,velvet,7m,1,-0.02272301,11.028829,-0.38900238,3.7426822,1.610425,1.5387675,2.558683,0.101229034,1
