frame,material,distance,box_id,x,y,z,dx,dy,dz,heading,score,label
84,velvet,7m,0,7.2838264,2.6853344,0.25290835,4.174692,1.6192226,1.5427201,4.6963067,0.25536415,1
84,velvet,7m,1,0.437428,2.3240423,0.06807184,3.9564135,1.605107,1.5899361,1.2823567,0.10674209,1
