frame,material,distance,box_id,x,y,z,dx,dy,dz,heading,score,label
82,velvet,7m,0,7.280623,2.6706293,0.26164532,4.18511,1.6234292,1.5561128,4.699912,0.19829005,1
