frame,material,distance,box_id,x,y,z,dx,dy,dz,heading,score,label
91,velvet,7m,0,7.2753563,2.607205,0.21644282,4.2405114,1.6266371,1.5592164,4.672601,0.23866503,1
91,velvet,7m,1,0.43265596,2.336914,0.034888983,3.9628284,1.6068171,1.5824026,1.2677407,0.10164891,1
