frame,material,distance,box_id,x,y,z,dx,dy,dz,heading,score,label
81,velvet,7m,0,7.4951506,2.6813898,0.24243665,4.2204742,1.6208241,1.557066,4.729812,0.21112458,1
81,velvet,7m,1,0.43317273,2.3411496,0.027184367,3.939074,1.6010996,1.5842404,1.2882259,0.10602308,1
