frame,material,distance,box_id,x,y,z,dx,dy,dz,heading,score,label
90,velvet,7m,0,7.2844276,2.6855261,0.24184763,4.171757,1.6171315,1.5468411,4.6906157,0.2508958,1
