frame,material,distance,box_id,x,y,z,dx,dy,dz,heading,score,label
85,velvet,7m,0,7.289304,2.6277342,0.16607523,4.201606,1.6234207,1.5671848,4.6919274,0.21012272,1
85,velvet,7m,1,0.44031,2.2912414,0.048753858,3.9441147,1.6078179,1.5868216,1.2848542,0.10254573,1
