frame,material,distance,box_id,x,y,z,dx,dy,dz,heading,score,label
89,velvet,7m,0,7.284921,2.5952995,0.34298563,4.2245536,1.6148436,1.5430576,4.704205,0.2579325,1
89,velvet,7m,1,0.43210253,2.3311374,0.012907147,3.930533,1.6011397,1.5847634,1.2662123,0.101841114,1
