frame,material,distance,box_id,x,y,z,dx,dy,dz,heading,score,label
87,velvet,7m,0,7.498046,2.5711343,0.32624245,4.2799406,1.6449883,1.561791,4.7303634,0.21500804,1
