frame,material,distance,box_id,x,y,z,dx,dy,dz,heading,score,label
95,velvet,7m,0,7.279124,2.7652104,0.15753162,4.0847487,1.6130619,1.5147237,4.708659,0.22553232,1
