frame,material,distance,box_id,x,y,z,dx,dy,dz,heading,score,label
88,velvet,7m,0,7.2784734,2.6268783,0.16496444,4.200062,1.6199995,1.5642993,4.683368,0.2349768,1
88,velvet,7m,1,0.4196068,9.212254,-0.21235597,3.654297,1.6202179,1.6362367,1.503178,0.109546185,1
