frame,material,distance,box_id,x,y,z,dx,dy,dz,heading,score,label
80,velvet,7m,0,7.282637,2.621074,0.20766425,4.215144,1.6242352,1.5724869,4.7042713,0.19188066,1
80,velvet,7m,1,0.4294325,2.2827146,0.029367685,3.9425228,1.6017998,1.5800471,1.2414974,0.10425594,1
