frame,material,distance,box_id,x,y,z,dx,dy,dz,heading,score,label
52,nothing,4m,0,6.8927464,3.9720902,0.098772526,3.963953,1.6170164,1.4811121,4.8245535,0.22391188,1
