frame,material,distance,box_id,x,y,z,dx,dy,dz,heading,score,label
47,nothing,4m,0,6.8881,4.0190763,0.04254937,3.9421537,1.6305102,1.5239332,4.8103085,0.20601359,1
47,nothing,4m,1,3.2738094,1.412205,0.41899252,3.985089,1.6424545,1.5217844,1.1791534,0.10458167,1
