frame,material,distance,box_id,x,y,z,dx,dy,dz,heading,score,label
50,nothing,4m,0,6.8771462,4.0513086,0.20943487,3.9702363,1.6199764,1.5092745,4.850118,0.23185365,1
50,nothing,4m,1,3.269884,1.3855109,0.4268254,3.9866164,1.6443518,1.5227312,1.1802318,0.10355909,1
