frame,material,distance,box_id,x,y,z,dx,dy,dz,heading,score,label
58,nothing,4m,0,6.880837,4.0495358,0.09352946,3.969108,1.6280797,1.5128441,4.8144865,0.24845117,1
58,nothing,4m,1,3.2695851,1.3910533,0.40856802,3.961722,1.6412319,1.5183978,1.1735266,0.10714714,1
