frame,material,distance,box_id,x,y,z,dx,dy,dz,heading,score,label
40,nothing,4m,0,6.8962827,4.0662394,0.09510505,3.9476032,1.6340284,1.5201658,4.828038,0.22746485,1
40,nothing,4m,1,3.2740195,1.3858838,0.42361522,3.9881482,1.6445045,1.5272431,1.167397,0.10299605,1
