frame,material,distance,box_id,x,y,z,dx,dy,dz,heading,score,label
57,nothing,4m,0,6.8960633,3.9257727,0.088936925,3.9398606,1.6256958,1.4981773,4.8171215,0.24039935,1
57,nothing,4m,1,3.2649987,1.3822246,0.38372743,3.9554126,1.6347243,1.5214481,1.1912853,0.109470904,1
