frame,material,distance,box_id,x,y,z,dx,dy,dz,heading,score,label
53,nothing,4m,0,6.9040117,3.9290392,0.19449079,3.9654274,1.62631,1.5028638,4.8415236,0.25585046,1
53,nothing,4m,1,3.2521508,1.3808382,0.41282892,3.9910855,1.6520332,1.5336031,1.2088857,0.10789468,1
