frame,material,distance,box_id,x,y,z,dx,dy,dz,heading,score,label
54,nothing,4m,0,6.9020476,3.9497738,0.3103317,3.9705725,1.6242638,1.4887463,4.8337255,0.25031376,1
54,nothing,4m,1,6.992205,0.65288156,0.632764,3.7148945,1.5728157,1.5153471,3.0352187,0.10295227,1
