frame,material,distance,box_id,x,y,z,dx,dy,dz,heading,score,label
59,nothing,4m,0,6.8970394,4.0497894,0.2619623,3.9382775,1.6212943,1.5062245,4.838267,0.26820126,1
59,nothing,4m,1,3.2607453,1.396394,0.4166801,3.9725783,1.6395673,1.5230883,1.1889658,0.10422268,1
