frame,material,distance,box_id,x,y,z,dx,dy,dz,heading,score,label
55,nothing,4m,0,6.8909574,4.0303216,0.23219752,3.967828,1.6191438,1.4985412,4.8379955,0.23995225,1
