frame,material,distance,box_id,x,y,z,dx,dy,dz,heading,score,label
48,nothing,4m,0,6.886405,4.076669,0.123836994,3.955599,1.6201161,1.5103624,4.853198,0.23164427,1
