frame,material,distance,box_id,x,y,z,dx,dy,dz,heading,score,label
42,nothing,4m,0,6.89521,3.9876633,0.097085714,3.99298,1.6331714,1.530415,4.808158,0.253457,1
42,nothing,4m,1,3.2648458,1.4024826,0.41537082,3.9652972,1.6436942,1.5193164,1.2085539,0.112929486,1
42,nothing,4m,2,2.8912942,11.83623,0.2454865,3.7240322,1.7222112,1.8009053,6.302824,0.10205148,1
