frame,material,distance,box_id,x,y,z,dx,dy,dz,heading,score,label
43,nothing,4m,0,6.876685,4.1044474,0.12870133,3.9847329,1.6282638,1.5189003,4.831606,0.24610901,1
