frame,material,distance,box_id,x,y,z,dx,dy,dz,heading,score,label
49,nothing,4m,0,6.8907523,4.007866,0.06459224,3.968981,1.624885,1.5091369,4.819353,0.23712672,1
