frame,material,distance,box_id,x,y,z,dx,dy,dz,heading,score,label
41,nothing,4m,0,6.8840814,3.9914296,0.23577166,3.964293,1.6187028,1.5037824,4.806016,0.28808033,1
