frame,material,distance,box_id,x,y,z,dx,dy,dz,heading,score,label
46,nothing,4m,0,6.893018,3.9732804,0.100827456,3.939701,1.6206061,1.4873976,4.8144493,0.23282325,1
46,nothing,4m,1,1.6652582,13.139532,0.24520469,4.356369,1.6490635,1.8044596,1.9461949,0.1268102,1
46,nothing,4m,2,3.2594922,1.3653393,0.3895235,3.9634676,1.6384677,1.5251871,1.188097,0.10187067,1
