frame,material,distance,box_id,x,y,z,dx,dy,dz,heading,score,label
51,nothing,4m,0,6.893393,3.9450974,0.16225111,3.9593723,1.6262702,1.50243,4.8125067,0.22177583,1
51,nothing,4m,1,3.2564545,1.3628423,0.41620624,3.9739199,1.6363758,1.5238461,1.1861906,0.10273401,1
