frame,material,distance,box_id,x,y,z,dx,dy,dz,heading,score,label
44,nothing,4m,0,6.899151,3.989613,0.15409541,3.9538794,1.6234139,1.5214686,4.858404,0.24601625,1
