frame,material,distance,box_id,x,y,z,dx,dy,dz,heading,score,label
45,nothing,4m,0,6.9015164,3.906749,0.070126414,3.9561067,1.635362,1.5266494,4.812866,0.256863,1
45,nothing,4m,1,3.2740417,1.3866758,0.42573428,3.99685,1.6429293,1.5282435,1.154016,0.110368624,1
