frame,material,distance,box_id,x,y,z,dx,dy,dz,heading,score,label
56,nothing,4m,0,6.880799,4.028903,0.14233232,3.9715097,1.6147913,1.5022284,4.842833,0.22815388,1
