frame,material,distance,box_id,x,y,z,dx,dy,dz,heading,score,label
8,card,4m,0,7.25617,2.8720815,0.10795307,3.9996893,1.5800859,1.5058792,4.67368,0.20894082,1
