frame,material,distance,box_id,x,y,z,dx,dy,dz,heading,score,label
6,card,4m,0,7.2365575,2.8168037,0.04875815,4.0393224,1.5856923,1.5048047,4.646995,0.22469725,1
