frame,material,distance,box_id,x,y,z,dx,dy,dz,heading,score,label
0,card,4m,0,7.2464786,2.8159907,0.016402364,4.026431,1.5703368,1.5168074,4.6523504,0.23254983,1
