frame,material,distance,box_id,x,y,z,dx,dy,dz,heading,score,label
13,card,4m,0,7.2817893,2.573245,0.07314575,4.212174,1.6231886,1.5639019,4.665818,0.1943734,1
