frame,material,distance,box_id,x,y,z,dx,dy,dz,heading,score,label
17,card,4m,0,7.292399,2.5717394,0.10023093,4.2112126,1.6196915,1.5639584,4.674531,0.20965339,1
