frame,material,distance,box_id,x,y,z,dx,dy,dz,heading,score,label
11,card,4m,0,7.2463136,2.8875256,-0.028244197,4.013743,1.5864445,1.5296997,4.651083,0.17550346,1
