frame,material,distance,box_id,x,y,z,dx,dy,dz,heading,score,label
3,card,4m,0,7.4789824,2.5611734,0.11397755,4.2623067,1.6377677,1.5817477,4.714302,0.2006635,1
