frame,material,distance,box_id,x,y,z,dx,dy,dz,heading,score,label
1,card,4m,0,7.2801833,2.5734935,0.11551583,4.225068,1.6246325,1.5660398,4.67459,0.21787114,1
