frame,material,distance,box_id,x,y,z,dx,dy,dz,heading,score,label
10,card,4m,0,7.269561,2.9134443,0.04262638,3.9923208,1.5850992,1.5204536,4.6657186,0.19724588,1
