frame,material,distance,box_id,x,y,z,dx,dy,dz,heading,score,label
19,card,4m,0,7.285154,2.632851,0.1959945,4.173132,1.6180556,1.5421016,4.6875324,0.25082386,1
