frame,material,distance,box_id,x,y,z,dx,dy,dz,heading,score,label
16,card,4m,0,7.2561703,2.8534982,0.114301324,4.017045,1.59778,1.5010464,4.6634955,0.20175488,1
