frame,material,distance,box_id,x,y,z,dx,dy,dz,heading,score,label
5,card,4m,0,7.251182,2.8285358,0.0443213,4.022864,1.5886863,1.5048873,4.650893,0.22099319,1
