frame,material,distance,box_id,x,y,z,dx,dy,dz,heading,score,label
18,card,4m,0,7.290366,2.6053271,0.14347458,4.202354,1.6219643,1.5504534,4.6780844,0.2241059,1
