frame,material,distance,box_id,x,y,z,dx,dy,dz,heading,score,label
9,card,4m,0,7.2946935,2.6101258,0.09219611,4.1949806,1.6191534,1.5666257,4.6763,0.19913909,1
9,card,4m,1,3.272213,12.583793,0.48152995,4.44136,1.6846379,1.8108884,1.8517461,0.10274126,1
