frame,material,distance,box_id,x,y,z,dx,dy,dz,heading,score,label
7,card,4m,0,7.265109,2.7016582,0.043833256,4.124027,1.6278695,1.5310342,4.702181,0.21115305,1
7,card,4m,1,3.2755153,12.566654,0.48793268,4.428344,1.6832993,1.7942712,1.8673627,0.11014257,1
