frame,material,distance,box_id,x,y,z,dx,dy,dz,heading,score,label
12,card,4m,0,7.2481947,2.849864,0.06044054,4.018681,1.5893161,1.5076197,4.6428537,0.22054619,1
