frame,material,distance,box_id,x,y,z,dx,dy,dz,heading,score,label
2,card,4m,0,7.2560606,2.8979285,0.13514984,3.9821935,1.5808253,1.4909673,4.708143,0.19404139,1
2,card,4m,1,3.5670173,12.511454,0.42100096,4.4878926,1.6745157,1.8107064,1.7588784,0.101664394,1
