frame,material,distance,box_id,x,y,z,dx,dy,dz,heading,score,label
4,card,4m,0,7.2805758,2.799503,0.103137255,4.0541253,1.6141859,1.5202806,4.713168,0.21362162,1
