frame,material,distance,box_id,x,y,z,dx,dy,dz,heading,score,label
15,card,4m,0,7.256007,2.9205968,0.16119444,3.9667885,1.6022726,1.4879845,4.7078066,0.16812202,1
15,card,4m,1,3.56495,12.50181,0.4140805,4.4761004,1.6727298,1.8020945,1.7318428,0.1013175,1
