frame,material,distance,box_id,x,y,z,dx,dy,dz,heading,score,label
14,card,4m,0,7.2924953,2.6022928,0.14058185,4.209772,1.6185467,1.5669233,4.6937637,0.20345797,1
