frame,material,distance,box_id,x,y,z,dx,dy,dz,heading,score,label
78,spot,10m,0,0.41416278,12.177663,-0.21946168,3.7531135,1.6036242,1.528189,1.7153002,0.2621311,1
78,spot,10m,1,7.282189,2.6668062,0.24954116,4.1969547,1.6215271,1.5491807,4.694005,0.2612209,1
78,spot,10m,2,0.6482367,2.2534704,0.25981307,4.027419,1.5972695,1.5256128,1.3951806,0.12706548,1
