frame,material,distance,box_id,x,y,z,dx,dy,dz,heading,score,label
63,spot,10m,0,0.46034104,12.257991,-0.20720202,3.780191,1.6207627,1.5493317,1.6760354,0.23748867,1
63,spot,10m,1,7.274793,2.7665467,0.09667981,4.06239,1.6106576,1.5226783,4.696431,0.23593108,1
63,spot,10m,2,0.4358042,2.3513958,0.049776554,3.9209933,1.5956012,1.5747764,1.2819701,0.11265831,1
