frame,material,distance,box_id,x,y,z,dx,dy,dz,heading,score,label
65,spot,10m,0,0.48594505,12.138592,-0.32926196,3.7960951,1.6089553,1.5109388,1.6576846,0.3662099,1
65,spot,10m,1,7.289159,2.68512,0.32444406,4.166617,1.6228821,1.5414929,4.6985407,0.28892687,1
65,spot,10m,2,0.44870964,2.348365,0.07956684,3.9217656,1.5912004,1.5791435,1.2701054,0.11805261,1
