frame,material,distance,box_id,x,y,z,dx,dy,dz,heading,score,label
79,spot,10m,0,0.42140353,12.192964,-0.22944063,3.7487257,1.6055319,1.5384938,1.7105129,0.2640374,1
79,spot,10m,1,7.268396,2.7029722,0.048915267,4.1112475,1.6188366,1.5344042,4.6788416,0.21853961,1
79,spot,10m,2,0.64557743,2.3061798,0.20144284,4.030522,1.5933026,1.5223392,1.4026656,0.13343522,1
