frame,material,distance,box_id,x,y,z,dx,dy,dz,heading,score,label
60,spot,10m,0,7.2815504,2.7236435,0.3306991,4.141256,1.6141853,1.5363001,4.709391,0.24556528,1
60,spot,10m,1,0.44935447,12.269111,-0.23245323,3.746695,1.6301785,1.5532721,1.6601225,0.19820262,1
60,spot,10m,2,0.45193705,2.3417313,0.094397664,3.8878803,1.5904219,1.5759286,1.3132092,0.12741533,1
60,spot,10m,3,5.537865,2.357039,0.71142805,4.031472,1.6578678,1.6028794,1.7438184,0.10487322,1
