frame,material,distance,box_id,x,y,z,dx,dy,dz,heading,score,label
77,spot,10m,0,0.41300833,12.16627,-0.41232246,3.7945163,1.6128355,1.4926435,1.7102308,0.35771808,1
77,spot,10m,1,7.2781487,2.6388853,0.1931467,4.1841407,1.6274103,1.5532937,4.6697607,0.26923096,1
77,spot,10m,2,0.65516317,2.2548423,0.22885787,4.0021462,1.591018,1.5288302,1.379945,0.12281409,1
