frame,material,distance,box_id,x,y,z,dx,dy,dz,heading,score,label
71,spot,10m,0,0.4365022,12.180536,-0.38035882,3.7939446,1.6142753,1.4944745,1.6965963,0.33842695,1
71,spot,10m,1,7.272058,2.610158,0.20010185,4.2086062,1.6343536,1.5594121,4.665685,0.24571693,1
71,spot,10m,2,0.4330087,2.5635278,0.05958569,3.9768596,1.6149987,1.585558,1.3177904,0.1274764,1
