frame,material,distance,box_id,x,y,z,dx,dy,dz,heading,score,label
75,spot,10m,0,7.278593,2.6115,0.2621572,4.242145,1.6310132,1.5644386,4.6902122,0.2257034,1
75,spot,10m,1,0.43259236,12.244348,-0.20428807,3.75388,1.6130068,1.5429081,1.6800001,0.19180669,1
75,spot,10m,2,0.65066147,2.2962968,0.20439804,4.013435,1.5903764,1.5196118,1.3984016,0.122247614,1
