frame,material,distance,box_id,x,y,z,dx,dy,dz,heading,score,label
67,spot,10m,0,7.2911396,2.7212186,0.34776044,4.142048,1.606356,1.5277141,4.705488,0.26507306,1
67,spot,10m,1,0.41374877,12.251577,-0.19586676,3.774697,1.610258,1.5368943,1.7346205,0.2493067,1
67,spot,10m,2,0.64934504,2.2903836,0.1893183,4.007792,1.5919393,1.529264,1.3856143,0.12196975,1
