frame,material,distance,box_id,x,y,z,dx,dy,dz,heading,score,label
64,spot,10m,0,7.2891846,2.7359493,0.36674333,4.1276336,1.6059469,1.5370227,4.726832,0.21132863,1
64,spot,10m,1,0.43669823,12.230352,-0.20135587,3.7210026,1.5969229,1.5395857,1.7080746,0.20530646,1
64,spot,10m,2,0.65261376,2.2669303,0.1855216,3.996364,1.5946677,1.5320683,1.3640423,0.11027722,1
