frame,material,distance,box_id,x,y,z,dx,dy,dz,heading,score,label
70,spot,10m,0,0.51024073,12.182363,-0.40387958,3.767531,1.611921,1.5020319,1.6087164,0.3581785,1
70,spot,10m,1,7.2784643,2.626781,0.33412683,4.227968,1.6177689,1.5399905,4.6914454,0.23958169,1
70,spot,10m,2,0.43239972,2.276942,0.050275445,3.8855686,1.5939287,1.5726442,1.242552,0.10531003,1
