frame,material,distance,box_id,x,y,z,dx,dy,dz,heading,score,label
66,spot,10m,0,0.40697616,12.196448,-0.35507834,3.8010533,1.6132034,1.4967469,1.7275045,0.29440486,1
66,spot,10m,1,7.493661,2.649601,0.30799282,4.243923,1.6352272,1.5633944,4.7117867,0.23782858,1
66,spot,10m,2,0.44312733,2.343298,0.06438494,3.9286575,1.6028255,1.5810912,1.2686602,0.12112654,1
