frame,material,distance,box_id,x,y,z,dx,dy,dz,heading,score,label
72,spot,10m,0,0.42780095,12.222766,-0.20844966,3.747322,1.6017303,1.547587,1.7230939,0.27760458,1
72,spot,10m,1,7.497196,2.6064742,0.24389124,4.2604656,1.6347111,1.5710378,4.7080774,0.21225268,1
72,spot,10m,2,0.6487556,2.2700913,0.1944207,3.9984615,1.5881952,1.5301198,1.3695452,0.115403645,1
