frame,material,distance,box_id,x,y,z,dx,dy,dz,heading,score,label
73,spot,10m,0,7.286484,2.7365994,0.33623135,4.1469207,1.6176077,1.5335292,4.7063084,0.24115019,1
73,spot,10m,1,0.45307326,12.218181,-0.23901707,3.7172194,1.6048726,1.5258758,1.6596981,0.22036828,1
73,spot,10m,2,0.6416764,2.2785237,0.20354676,3.9971364,1.5890148,1.5319932,1.3721566,0.113994166,1
