frame,material,distance,box_id,x,y,z,dx,dy,dz,heading,score,label
76,spot,10m,0,0.45280102,12.195409,-0.40380043,3.8432224,1.6213379,1.4992669,1.6588379,0.34415072,1
76,spot,10m,1,7.480787,2.5674515,0.2303729,4.271234,1.652644,1.5768187,4.728235,0.20043947,1
76,spot,10m,2,0.6493689,2.2602248,0.24618411,4.019155,1.5890498,1.5263534,1.3835717,0.12736647,1
