frame,material,distance,box_id,x,y,z,dx,dy,dz,heading,score,label
69,spot,10m,0,7.287054,2.6390374,0.14077377,4.168626,1.6175451,1.5564181,4.6689587,0.23346868,1
69,spot,10m,1,0.4650072,12.214479,-0.20127732,3.70325,1.6119263,1.5341134,1.6476055,0.22258937,1
69,spot,10m,2,0.44442108,2.3426776,0.065298915,3.905466,1.599105,1.574947,1.2758193,0.12486303,1
