frame,material,distance,box_id,x,y,z,dx,dy,dz,heading,score,label
62,spot,10m,0,0.43812674,12.228861,-0.26304102,3.7752929,1.6130673,1.543366,1.6966016,0.32482526,1
62,spot,10m,1,7.2775893,2.6619859,0.3259014,4.2077284,1.6232061,1.5516983,4.7038975,0.2132238,1
62,spot,10m,2,0.65206397,2.2725928,0.21502256,4.015087,1.5900583,1.5237857,1.3709661,0.12849382,1
