frame,material,distance,box_id,x,y,z,dx,dy,dz,heading,score,label
74,spot,10m,0,0.39572302,12.183413,-0.36707705,3.7843783,1.6051482,1.4939314,1.7650138,0.2620548,1
74,spot,10m,1,7.2779202,2.6355252,0.16855192,4.1870117,1.6165926,1.5542032,4.6736164,0.24296154,1
74,spot,10m,2,0.43456393,2.319352,0.050287366,3.9211934,1.5997612,1.5761247,1.2562134,0.10595187,1
