frame,material,distance,box_id,x,y,z,dx,dy,dz,heading,score,label
61,spot,10m,0,0.44711524,12.186275,-0.3825779,3.8108678,1.6130406,1.4989884,1.7079073,0.3372865,1
61,spot,10m,1,7.278384,2.6287966,0.13479376,4.189745,1.6223538,1.5602242,4.6725626,0.22770627,1
61,spot,10m,2,0.44350147,2.3111145,0.07444596,3.9026766,1.5870017,1.5754886,1.2707574,0.11325865,1
