frame,material,distance,box_id,x,y,z,dx,dy,dz,heading,score,label
68,spot,10m,0,0.4399042,12.208811,-0.26994807,3.7430406,1.6066865,1.5215327,1.6759965,0.26424697,1
68,spot,10m,1,7.294313,2.726943,0.1929543,4.142973,1.6150446,1.5546052,4.700179,0.22736362,1
68,spot,10m,2,0.6548332,2.285425,0.22015691,4.026126,1.5882691,1.5309557,1.3963662,0.11257456,1
