frame,material,distance,box_id,x,y,z,dx,dy,dz,heading,score,label
82,velvet,10m,0,7.49012,2.6128871,0.22776449,4.263657,1.6527436,1.5751095,4.7372026,0.20858338,1
82,velvet,10m,1,0.3204319,12.234443,-0.20683378,3.7170758,1.5882128,1.5487688,1.7812653,0.20289262,1
82,velvet,10m,2,0.43890205,2.31682,0.0042659044,3.8883448,1.5971372,1.5786674,1.2845149,0.12232317,1
