frame,material,distance,box_id,x,y,z,dx,dy,dz,heading,score,label
88,velvet,10m,0,7.4949336,2.5993376,0.20086086,4.258042,1.6412739,1.566726,4.7060347,0.21163324,1
88,velvet,10m,1,0.35788554,12.238105,-0.16301244,3.730862,1.6082534,1.5607189,1.7781086,0.18023239,1
88,velvet,10m,2,0.43443698,2.2726958,0.0007869005,3.8705027,1.5866469,1.5818729,1.2624031,0.113595426,1
