frame,material,distance,box_id,x,y,z,dx,dy,dz,heading,score,label
92,velvet,10m,0,7.2847013,2.702959,0.33132052,4.145713,1.6257622,1.5330983,4.721839,0.25221422,1
92,velvet,10m,1,0.3916209,12.277684,-0.17831099,3.7571037,1.5877988,1.5543032,1.7561862,0.22594579,1
92,velvet,10m,2,0.4302821,2.2667396,-0.026889205,3.8728878,1.5922159,1.5812967,1.2900647,0.10981499,1
