frame,material,distance,box_id,x,y,z,dx,dy,dz,heading,score,label
97,velvet,10m,0,0.37650082,12.212565,-0.23818374,3.7343786,1.603042,1.5476964,1.7879164,0.30049518,1
97,velvet,10m,1,7.2860756,2.650781,0.19481695,4.2187104,1.6301926,1.5609719,4.6765723,0.24054118,1
97,velvet,10m,2,0.43919572,2.3009195,0.02287364,3.8975637,1.5923154,1.5825185,1.2557813,0.11635953,1
