frame,material,distance,box_id,x,y,z,dx,dy,dz,heading,score,label
98,velvet,10m,0,7.283159,2.5308268,0.18942142,4.2626925,1.6351465,1.5722901,4.683495,0.21319345,1
98,velvet,10m,1,0.3778325,12.252579,-0.15459812,3.7827568,1.6037482,1.5699096,1.7565552,0.1759909,1
98,velvet,10m,2,0.4292219,2.3344011,-0.013907671,3.8767815,1.5831683,1.584221,1.2758697,0.10059594,1
