frame,material,distance,box_id,x,y,z,dx,dy,dz,heading,score,label
96,velvet,10m,0,0.35323393,12.211368,-0.15480882,3.7443159,1.5831128,1.5483862,1.7773327,0.20724276,1
96,velvet,10m,1,7.4978185,2.5781891,0.210531,4.2671404,1.650371,1.5820034,4.731273,0.17474532,1
96,velvet,10m,2,0.43704176,2.3199437,0.002506137,3.8904262,1.5930583,1.5774496,1.2930396,0.11902435,1
