frame,material,distance,box_id,x,y,z,dx,dy,dz,heading,score,label
99,velvet,10m,0,0.33468926,12.156555,-0.36045003,3.7544067,1.6186647,1.513086,1.8425792,0.325316,1
99,velvet,10m,1,7.2728124,2.7116418,0.06136906,4.12654,1.6286722,1.5288291,4.6855903,0.24566038,1
99,velvet,10m,2,0.44148785,2.303574,0.05051732,3.8808672,1.5923955,1.5770271,1.3195558,0.1191571,1
