frame,material,distance,box_id,x,y,z,dx,dy,dz,heading,score,label
93,velvet,10m,0,0.36317173,12.220594,-0.18509644,3.7336042,1.5873404,1.5451465,1.796196,0.25749835,1
93,velvet,10m,1,7.2965927,2.6759195,0.27087724,4.16436,1.6215683,1.5440453,4.707645,0.25243473,1
93,velvet,10m,2,0.437158,2.2756107,0.025409222,3.895197,1.5905737,1.5804157,1.2324674,0.11253516,1
