frame,material,distance,box_id,x,y,z,dx,dy,dz,heading,score,label
94,velvet,10m,0,0.31957117,12.140564,-0.37587368,3.7537308,1.6212187,1.5227709,1.8832263,0.3341607,1
94,velvet,10m,1,7.279033,2.6427782,0.18898153,4.193137,1.6266562,1.5566483,4.6780024,0.26320633,1
94,velvet,10m,2,0.44283095,2.3060827,0.03420663,3.8790061,1.586768,1.5849208,1.2893691,0.111208774,1
