frame,material,distance,box_id,x,y,z,dx,dy,dz,heading,score,label
83,velvet,10m,0,0.35038054,12.2255745,-0.21375138,3.7221906,1.5984912,1.5488355,1.7903146,0.26937148,1
83,velvet,10m,1,7.286086,2.6451268,0.1395756,4.179104,1.6174822,1.5534672,4.6796756,0.25664204,1
83,velvet,10m,2,0.44117117,2.3198411,0.025566816,3.8858542,1.589733,1.5811131,1.3136406,0.11889024,1
