frame,material,distance,box_id,x,y,z,dx,dy,dz,heading,score,label
91,velvet,10m,0,0.37381473,12.203229,-0.27967888,3.7736998,1.6235865,1.5231069,1.772322,0.22696185,1
91,velvet,10m,1,7.2847743,2.5884857,0.15583253,4.2350698,1.6183249,1.5593429,4.6762943,0.22655891,1
91,velvet,10m,2,0.4295483,2.3231404,-0.03271395,3.8930175,1.5961771,1.584082,1.2664118,0.112623,1
