frame,material,distance,box_id,x,y,z,dx,dy,dz,heading,score,label
89,velvet,10m,0,7.2848353,2.6669037,0.20120776,4.1904707,1.6215528,1.5564294,4.6869946,0.22149867,1
89,velvet,10m,1,0.34984908,12.191043,-0.17260033,3.8795066,1.6350946,1.550557,1.864776,0.14781669,1
89,velvet,10m,2,0.4352848,2.3013737,0.009071946,3.9214597,1.5906576,1.5820059,1.2230679,0.10578836,1
