frame,material,distance,box_id,x,y,z,dx,dy,dz,heading,score,label
81,velvet,10m,0,0.32754797,12.158621,-0.32654244,3.7658224,1.613504,1.5158178,1.8477757,0.27528745,1
81,velvet,10m,1,7.4974456,2.5852776,0.24726498,4.2795444,1.6414772,1.5703712,4.719146,0.22403285,1
81,velvet,10m,2,0.43014896,2.2645674,0.0063312054,3.8721426,1.5876538,1.5793483,1.2444396,0.10757565,1
