frame,material,distance,box_id,x,y,z,dx,dy,dz,heading,score,label
80,velvet,10m,0,7.284002,2.6887898,0.20720613,4.1754923,1.6158236,1.5548924,4.6896253,0.2310484,1
80,velvet,10m,1,0.3821388,12.167021,-0.29519612,3.741654,1.6147616,1.5155723,1.7833302,0.19766375,1
80,velvet,10m,2,0.44545153,2.294673,0.05293274,3.8725803,1.5900933,1.5743022,1.2611829,0.122440636,1
