frame,material,distance,box_id,x,y,z,dx,dy,dz,heading,score,label
84,velvet,10m,0,7.295442,2.645723,0.24803174,4.1614113,1.6158736,1.5324225,4.707693,0.26236117,1
84,velvet,10m,1,0.33745626,12.142975,-0.25526702,3.7952366,1.6136782,1.512402,1.8410561,0.18692636,1
84,velvet,10m,2,0.42545602,2.3276186,0.00344944,3.8683152,1.587857,1.5872005,1.2895777,0.1097056,1
