frame,material,distance,box_id,x,y,z,dx,dy,dz,heading,score,label
90,velvet,10m,0,0.34963578,12.2355795,-0.18787682,3.7319894,1.5885888,1.5525091,1.7858723,0.2524415,1
90,velvet,10m,1,7.2823563,2.6871977,0.21928644,4.169995,1.6254536,1.546305,4.6853304,0.25119784,1
90,velvet,10m,2,0.4419811,2.296566,0.03307891,3.8911805,1.5909529,1.5808347,1.2498504,0.117375486,1
