frame,material,distance,box_id,x,y,z,dx,dy,dz,heading,score,label
85,velvet,10m,0,7.289693,2.6315358,0.27794504,4.1960664,1.6226596,1.543133,4.698783,0.24684069,1
85,velvet,10m,1,0.3732534,12.275557,-0.13215905,3.754193,1.6007605,1.5773741,1.7662373,0.19910373,1
85,velvet,10m,2,0.43413395,2.2618947,0.012686253,3.8794644,1.5951198,1.5757234,1.2284312,0.108080104,1
