frame,material,distance,box_id,x,y,z,dx,dy,dz,heading,score,label
95,velvet,10m,0,0.36702067,12.164259,-0.3518759,3.7737024,1.6033545,1.5017668,1.8840787,0.33355626,1
95,velvet,10m,1,7.289399,2.7158046,0.35462248,4.15002,1.6139946,1.5268124,4.7104163,0.24448158,1
95,velvet,10m,2,0.4327951,2.2591662,-0.0033118725,3.8434649,1.5820787,1.5743599,1.2546895,0.11374229,1
