frame,material,distance,box_id,x,y,z,dx,dy,dz,heading,score,label
86,velvet,10m,0,0.331793,12.148762,-0.33631414,3.7426894,1.6119282,1.5142938,1.852179,0.29090315,1
86,velvet,10m,1,7.285939,2.7065146,0.19498193,4.183119,1.6167002,1.5538564,4.6846313,0.23062833,1
86,velvet,10m,2,0.43393335,2.3262463,0.010901213,3.8788495,1.5890769,1.578777,1.2952952,0.121076584,1
