frame,material,distance,box_id,x,y,z,dx,dy,dz,heading,score,label
87,velvet,10m,0,0.32606515,12.141388,-0.35220224,3.7636557,1.6187098,1.5108547,1.865324,0.29443714,1
87,velvet,10m,1,7.2769957,2.7107632,0.009972692,4.100872,1.6243658,1.5362208,4.687111,0.21857232,1
87,velvet,10m,2,0.4233545,2.3005784,-0.037813246,3.855771,1.5860022,1.5784538,1.2898042,0.11113353,1
