frame,material,distance,box_id,x,y,z,dx,dy,dz,heading,score,label
21,mirror,7m,0,7.5994954,2.9009833,0.13095307,4.0831823,1.6527961,1.5262684,4.753206,0.21815042,1
21,mirror,7m,1,0.43882298,2.3213096,0.031820774,3.9405432,1.6049191,1.5831577,1.3051796,0.11073402,1
21,mirror,7m,2,0.040425178,10.649653,-0.39530915,3.6222517,1.5713444,1.5371825,3.0073137,0.100250416,1
