frame,material,distance,box_id,x,y,z,dx,dy,dz,heading,score,label
35,mirror,7m,0,7.2670956,2.8551338,0.08344674,4.006239,1.5759284,1.5087229,4.6575274,0.23800537,1
35,mirror,7m,1,0.43981957,2.3407526,0.039328694,3.9219882,1.6001488,1.5739739,1.3101941,0.11043101,1
