frame,material,distance,box_id,x,y,z,dx,dy,dz,heading,score,label
37,mirror,7m,0,7.4841094,2.5957487,0.18519235,4.270203,1.6405947,1.5752745,4.728678,0.2183665,1
