frame,material,distance,box_id,x,y,z,dx,dy,dz,heading,score,label
32,mirror,7m,0,7.279405,2.950614,0.09985864,3.9602566,1.5833277,1.5072763,4.6883225,0.20506436,1
32,mirror,7m,1,0.44140345,2.3605142,0.033664465,3.932832,1.5974073,1.58343,1.3227206,0.10184524,1
