frame,material,distance,box_id,x,y,z,dx,dy,dz,heading,score,label
23,mirror,7m,0,7.2471747,2.8369327,0.10267615,4.054682,1.5872722,1.4961488,4.6621633,0.21319471,1
