frame,material,distance,box_id,x,y,z,dx,dy,dz,heading,score,label
33,mirror,7m,0,7.2539515,2.8698714,0.0763669,4.0300894,1.5798149,1.5041027,4.664032,0.21911314,1
33,mirror,7m,1,0.42975098,2.3281646,-0.025784373,3.8921335,1.5930629,1.5745816,1.2819566,0.10017645,1
