frame,material,distance,box_id,x,y,z,dx,dy,dz,heading,score,label
36,mirror,7m,0,7.4839606,2.6144586,0.23764384,4.2370434,1.6394007,1.5633091,4.7204967,0.2054871,1
