frame,material,distance,box_id,x,y,z,dx,dy,dz,heading,score,label
22,mirror,7m,0,7.250057,2.841834,0.086021185,4.034029,1.5883435,1.4959636,4.6546416,0.23030977,1
