frame,material,distance,box_id,x,y,z,dx,dy,dz,heading,score,label
34,mirror,7m,0,7.274777,2.8933022,0.16393638,3.9712193,1.5909613,1.4871,4.699891,0.2291375,1
34,mirror,7m,1,0.44071513,2.2828043,0.045485258,3.8912075,1.5932547,1.5740677,1.2711898,0.10489569,1
34,mirror,7m,2,3.2622194,12.699262,0.38233912,4.5249815,1.6788307,1.827157,1.9319068,0.10407808,1
34,mirror,7m,3,0.35743022,10.5823765,-0.31101477,3.6381934,1.6292238,1.5479296,1.7174392,0.10053729,1
