frame,material,distance,box_id,x,y,z,dx,dy,dz,heading,score,label
30,mirror,7m,0,7.252402,2.8480515,0.06361103,4.024187,1.5869554,1.4942778,4.658999,0.24788222,1
