frame,material,distance,box_id,x,y,z,dx,dy,dz,heading,score,label
31,mirror,7m,0,7.2897615,2.683558,0.1696887,4.1526513,1.6135448,1.5525488,4.696239,0.23758706,1
