frame,material,distance,box_id,x,y,z,dx,dy,dz,heading,score,label
20,mirror,7m,0,7.4849,2.641538,0.17555237,4.2028394,1.6242898,1.5598226,4.696143,0.19367401,1
