frame,material,distance,box_id,x,y,z,dx,dy,dz,heading,score,label
27,mirror,7m,0,7.2700024,2.895347,0.118772626,3.9752305,1.5867008,1.4916764,4.6778855,0.23427793,1
27,mirror,7m,1,0.42957622,2.3589766,-0.0054207444,3.9334104,1.6012595,1.583728,1.3077682,0.100660965,1
