frame,material,distance,box_id,x,y,z,dx,dy,dz,heading,score,label
26,mirror,7m,0,7.2703733,2.9182694,0.14629328,3.9826887,1.6061795,1.4874972,4.689662,0.20250364,1
26,mirror,7m,1,-0.041035745,10.672232,-0.3543102,3.6919575,1.603763,1.5527697,2.7429638,0.105840564,1
