frame,material,distance,box_id,x,y,z,dx,dy,dz,heading,score,label
29,mirror,7m,0,7.2656293,2.8920195,0.12425876,3.9957318,1.5725408,1.487076,4.6654425,0.22626731,1
