frame,material,distance,box_id,x,y,z,dx,dy,dz,heading,score,label
39,mirror,7m,0,7.290519,2.6629543,0.22466898,4.1632004,1.6229252,1.5412475,4.68882,0.28900015,1
