frame,material,distance,box_id,x,y,z,dx,dy,dz,heading,score,label
28,mirror,7m,0,7.283946,2.713183,0.31476367,4.1276174,1.604235,1.5204735,4.693928,0.27266443,1
