frame,material,distance,box_id,x,y,z,dx,dy,dz,heading,score,label
24,mirror,7m,0,7.4873457,2.6411586,0.1753906,4.226616,1.6276007,1.5626035,4.697599,0.21275328,1
24,mirror,7m,1,0.43086493,2.298377,0.025089025,3.9081957,1.6036934,1.5836184,1.2676787,0.10119509,1
