frame,material,distance,box_id,x,y,z,dx,dy,dz,heading,score,label
38,mirror,7m,0,7.280284,2.682866,0.2965654,4.1734815,1.6212263,1.5323516,4.688037,0.27818388,1
38,mirror,7m,1,-0.022090407,11.058015,-0.4470464,3.6385727,1.5914925,1.5327843,2.5495148,0.100040674,1
