frame,material,distance,box_id,x,y,z,dx,dy,dz,heading,score,label
25,mirror,7m,0,7.273122,2.8833811,0.015590906,3.989749,1.5832814,1.5084134,4.672011,0.21212216,1
