frame,material,distance,box_id,x,y,z,dx,dy,dz,heading,score,label
23,mirror,10m,0,7.502363,2.6134512,0.22558701,4.285892,1.6458157,1.579614,4.6920195,0.22150134,1
23,mirror,10m,1,0.43643284,2.341312,0.043457985,3.9247634,1.6053065,1.5834024,1.3280641,0.109488994,1
