frame,material,distance,box_id,x,y,z,dx,dy,dz,heading,score,label
25,mirror,10m,0,7.48219,2.5978212,0.1963005,4.246366,1.6357282,1.5729202,4.711947,0.21447895,1
25,mirror,10m,1,0.4355204,2.3432894,0.030503154,3.947058,1.6042807,1.5850426,1.2842706,0.10385088,1
25,mirror,10m,2,1.622887,10.632878,0.32539213,4.002996,1.4861518,1.4408673,2.8364697,0.10260951,1
