frame,material,distance,box_id,x,y,z,dx,dy,dz,heading,score,label
31,mirror,10m,0,7.29309,2.599716,0.16324377,4.2110515,1.6249701,1.5610293,4.681624,0.23956637,1
31,mirror,10m,1,0.43553162,2.3891053,0.017687678,3.9338334,1.5986854,1.5806445,1.349266,0.10777489,1
