frame,material,distance,box_id,x,y,z,dx,dy,dz,heading,score,label
39,mirror,10m,0,7.304871,2.726253,0.21670103,4.13138,1.6121281,1.5367931,4.698821,0.24484476,1
39,mirror,10m,1,0.46231648,3.1204371,-0.007027209,4.0003695,1.5993141,1.6069096,1.4653558,0.12694219,1
39,mirror,10m,2,1.6484683,10.689843,0.3074069,4.041461,1.5018753,1.4549319,2.8905826,0.102793425,1
