frame,material,distance,box_id,x,y,z,dx,dy,dz,heading,score,label
22,mirror,10m,0,7.2969866,2.7116706,0.2403053,4.1320066,1.6101153,1.5331554,4.6926866,0.27540773,1
22,mirror,10m,1,0.4540722,3.122493,-0.012735069,4.013747,1.5963454,1.6125764,1.4059429,0.11185753,1
