frame,material,distance,box_id,x,y,z,dx,dy,dz,heading,score,label
34,mirror,10m,0,7.491584,2.621234,0.17545807,4.2480354,1.6366507,1.5671374,4.7093816,0.2220743,1
34,mirror,10m,1,0.29218876,12.024589,-0.17248112,3.8593645,1.6184269,1.5718367,1.9180714,0.12384029,1
34,mirror,10m,2,0.45771524,3.1438737,-0.004757762,4.025166,1.606057,1.6143994,1.4368925,0.11785454,1
