frame,material,distance,box_id,x,y,z,dx,dy,dz,heading,score,label
27,mirror,10m,0,7.2719264,2.7381232,0.039851427,4.088409,1.6159133,1.5314027,4.6890764,0.19620824,1
27,mirror,10m,1,0.44673806,2.3902886,0.04435277,3.9468153,1.6019405,1.582893,1.2965659,0.11402741,1
27,mirror,10m,2,1.6255975,10.705871,0.19451392,4.021256,1.4985497,1.4573953,2.9169478,0.10606659,1
