frame,material,distance,box_id,x,y,z,dx,dy,dz,heading,score,label
24,mirror,10m,0,7.2690473,2.6652029,0.24008632,4.17539,1.6235064,1.5499301,4.682938,0.26707104,1
24,mirror,10m,1,0.4455923,2.3681788,0.05203271,3.930102,1.5945896,1.5829066,1.2950321,0.11585344,1
