frame,material,distance,box_id,x,y,z,dx,dy,dz,heading,score,label
33,mirror,10m,0,7.285274,2.7432961,0.036645174,4.085855,1.616278,1.5280313,4.6814957,0.22435415,1
33,mirror,10m,1,0.44524434,2.3933856,0.021470428,3.9330924,1.5933585,1.57791,1.3128915,0.10761077,1
