frame,material,distance,box_id,x,y,z,dx,dy,dz,heading,score,label
36,mirror,10m,0,7.4726667,2.625892,0.12720549,4.2208343,1.6363329,1.5638707,4.709066,0.20652248,1
36,mirror,10m,1,0.44259652,2.3505812,0.03812337,3.9503078,1.5995445,1.5813859,1.2705642,0.10447661,1
36,mirror,10m,2,1.6466656,10.676743,0.2911713,4.0219088,1.5004457,1.4496354,2.885651,0.10362237,1
