frame,material,distance,box_id,x,y,z,dx,dy,dz,heading,score,label
21,mirror,10m,0,7.2853336,2.5897224,0.19600213,4.213161,1.6293033,1.553712,4.67212,0.260048,1
21,mirror,10m,1,0.44105816,2.3640354,0.043322444,3.9423227,1.6037292,1.5851791,1.3006911,0.11142378,1
