frame,material,distance,box_id,x,y,z,dx,dy,dz,heading,score,label
26,mirror,10m,0,7.2841578,2.6728365,0.3235556,4.1782045,1.615263,1.5349331,4.7020364,0.25390232,1
26,mirror,10m,1,0.4449165,2.3573108,0.044847608,3.9445586,1.6013526,1.5810692,1.2836866,0.11530588,1
26,mirror,10m,2,0.28976226,12.035866,-0.14526504,3.8693001,1.6079153,1.5759406,1.8933399,0.108519726,1
