frame,material,distance,box_id,x,y,z,dx,dy,dz,heading,score,label
30,mirror,10m,0,7.2712665,2.604426,0.12619615,4.2155538,1.6268841,1.5679766,4.6690254,0.22595212,1
30,mirror,10m,1,0.4437956,2.3672588,0.043110132,3.9414785,1.5988904,1.5770966,1.321569,0.12114626,1
