frame,material,distance,box_id,x,y,z,dx,dy,dz,heading,score,label
38,mirror,10m,0,7.2639713,2.7191994,0.051417828,4.111809,1.6256012,1.5398244,4.713171,0.18102363,1
38,mirror,10m,1,0.44134444,2.366762,0.02791214,3.9106526,1.5976313,1.5805193,1.3182802,0.107183665,1
38,mirror,10m,2,1.6592705,10.680949,0.32447052,4.0467243,1.5173324,1.4634318,2.8742747,0.10147835,1
