frame,material,distance,box_id,x,y,z,dx,dy,dz,heading,score,label
37,mirror,10m,0,7.490321,2.589402,0.21588194,4.2484665,1.6467781,1.5821509,4.722907,0.17738225,1
37,mirror,10m,1,0.4369158,2.3642945,-0.0034324527,3.9420686,1.6005129,1.5818567,1.29229,0.10718405,1
