frame,material,distance,box_id,x,y,z,dx,dy,dz,heading,score,label
28,mirror,10m,0,7.2743645,2.8339217,0.0924077,3.9976163,1.5819854,1.5034324,4.6581197,0.24416162,1
28,mirror,10m,1,1.6478825,10.684199,0.18942714,3.9666631,1.5284387,1.4281373,2.8407626,0.11610476,1
28,mirror,10m,2,0.4436136,2.3871877,0.032267213,3.9470012,1.5984945,1.5848444,1.3387088,0.10609947,1
