frame,material,distance,box_id,x,y,z,dx,dy,dz,heading,score,label
29,mirror,10m,0,7.268403,2.8445835,0.06668317,4.0360217,1.5936598,1.5204263,4.6850085,0.20225705,1
29,mirror,10m,1,0.437534,2.371433,0.03542614,3.9345512,1.6022946,1.5828885,1.3063807,0.10859421,1
