frame,material,distance,box_id,x,y,z,dx,dy,dz,heading,score,label
20,mirror,10m,0,7.27891,2.608063,0.13536978,4.205965,1.6224629,1.566375,4.67872,0.21851723,1
20,mirror,10m,1,0.45574477,3.0947354,-0.0003325343,4.000685,1.6026417,1.6124057,1.4070745,0.11369846,1
20,mirror,10m,2,1.5705322,10.590238,0.21758044,3.9074564,1.4809842,1.44409,2.8005419,0.10020284,1
