frame,material,distance,box_id,x,y,z,dx,dy,dz,heading,score,label
32,mirror,10m,0,7.283499,2.603525,0.1279074,4.2088075,1.620978,1.5619117,4.676567,0.23103201,1
32,mirror,10m,1,0.4369521,2.3519907,0.009618521,3.9440036,1.6007289,1.577961,1.2768801,0.104606055,1
