frame,material,distance,box_id,x,y,z,dx,dy,dz,heading,score,label
35,mirror,10m,0,7.283052,2.6102605,0.29287386,4.2119513,1.6227053,1.5563192,4.712861,0.2399334,1
35,mirror,10m,1,0.43995368,2.384063,0.029330015,3.928123,1.5968559,1.5857736,1.3307337,0.10277665,1
