frame,material,distance,box_id,x,y,z,dx,dy,dz,heading,score,label
50,nothing,10m,0,7.2758703,2.7388759,0.08995652,4.1084476,1.6216587,1.5303975,4.696477,0.2320741,1
50,nothing,10m,1,0.31902817,11.89085,-0.21480155,3.9471753,1.6261152,1.567213,1.8777981,0.13747591,1
50,nothing,10m,2,0.44249296,2.3806293,0.042616963,3.936085,1.5990684,1.5764413,1.2675827,0.11679735,1
