frame,material,distance,box_id,x,y,z,dx,dy,dz,heading,score,label
41,nothing,10m,0,7.2907853,2.6456988,0.32147062,4.1962767,1.6136192,1.5333991,4.704167,0.22795217,1
41,nothing,10m,1,0.44889805,3.0827198,0.020269752,4.0296807,1.6154131,1.6323593,1.4132974,0.109903164,1
