frame,material,distance,box_id,x,y,z,dx,dy,dz,heading,score,label
49,nothing,10m,0,7.2813954,2.622545,0.14008749,4.1865163,1.6209555,1.5560788,4.673734,0.24189246,1
49,nothing,10m,1,0.45901787,3.1102922,0.047689557,4.028306,1.610287,1.62476,1.4550494,0.122126974,1
49,nothing,10m,2,0.31671703,11.980401,-0.04373628,3.9602444,1.6038046,1.6380545,1.928508,0.10410169,1
