frame,material,distance,box_id,x,y,z,dx,dy,dz,heading,score,label
58,nothing,10m,0,7.2894907,2.699291,0.22885549,4.1547837,1.6184782,1.5393658,4.6978793,0.25285995,1
58,nothing,10m,1,0.36983275,11.897266,-0.28258085,3.873027,1.6113335,1.5781513,1.7744486,0.21782681,1
58,nothing,10m,2,0.4553932,3.1149914,0.014192462,4.0099545,1.6012747,1.6185977,1.4885623,0.11827188,1
