frame,material,distance,box_id,x,y,z,dx,dy,dz,heading,score,label
46,nothing,10m,0,7.27646,2.6383624,0.21602428,4.1969395,1.6265429,1.5656554,4.686957,0.23499063,1
46,nothing,10m,1,0.46063218,3.0956893,0.05406022,4.026898,1.6043463,1.627328,1.4335175,0.12129215,1
46,nothing,10m,2,0.33440185,11.949555,-0.12016207,3.8881881,1.5800928,1.6219022,1.8602089,0.106960505,1
