frame,material,distance,box_id,x,y,z,dx,dy,dz,heading,score,label
53,nothing,10m,0,7.2891135,2.6736536,0.14400387,4.1408787,1.6204401,1.5531847,4.665947,0.26529843,1
53,nothing,10m,1,0.46316266,3.1054811,0.026364326,4.024202,1.6077623,1.6195663,1.4641333,0.12935764,1
53,nothing,10m,2,0.3444601,11.961833,-0.13793796,3.894847,1.5864363,1.611857,1.8055223,0.116712354,1
