frame,material,distance,box_id,x,y,z,dx,dy,dz,heading,score,label
55,nothing,10m,0,7.2750764,2.7018552,0.20415223,4.147204,1.6232805,1.5494034,4.6768928,0.26661107,1
55,nothing,10m,1,0.3290316,11.885586,-0.31873536,3.9005845,1.6340979,1.5573169,1.8026769,0.23212442,1
55,nothing,10m,2,0.4555343,2.3299127,0.0887084,3.9290075,1.5991491,1.5794809,1.2741636,0.12878844,1
