frame,material,distance,box_id,x,y,z,dx,dy,dz,heading,score,label
48,nothing,10m,0,7.2750363,2.7187715,0.17561829,4.1646237,1.6326056,1.5589533,4.6764126,0.24599431,1
48,nothing,10m,1,0.45347688,2.3919463,0.068698406,3.9159966,1.5933789,1.5779394,1.3244026,0.12805492,1
48,nothing,10m,2,0.3018392,11.986365,-0.10857737,3.9477265,1.5884697,1.6148039,1.8831758,0.119899854,1
