frame,material,distance,box_id,x,y,z,dx,dy,dz,heading,score,label
45,nothing,10m,0,7.2808495,2.5986707,0.16652036,4.2030783,1.6247052,1.5605363,4.6679354,0.25126025,1
45,nothing,10m,1,0.45658675,3.0939584,0.030170321,4.029801,1.6106566,1.6185216,1.4752239,0.12181716,1
