frame,material,distance,box_id,x,y,z,dx,dy,dz,heading,score,label
43,nothing,10m,0,7.2835045,2.6320589,0.13896418,4.1759806,1.6152127,1.5573224,4.679039,0.25326836,1
43,nothing,10m,1,0.33370465,11.904035,-0.2869256,3.9396124,1.6272959,1.5645754,1.8020259,0.17198788,1
43,nothing,10m,2,0.4600282,3.09299,0.0044596195,3.980662,1.6047767,1.6123112,1.4595466,0.12627478,1
