frame,material,distance,box_id,x,y,z,dx,dy,dz,heading,score,label
44,nothing,10m,0,7.280554,2.7906353,0.14019239,4.0744395,1.6187824,1.5184678,4.700264,0.2405329,1
44,nothing,10m,1,0.46766162,3.1568398,0.028775096,4.013899,1.6025156,1.6175878,1.4653875,0.1308572,1
