frame,material,distance,box_id,x,y,z,dx,dy,dz,heading,score,label
54,nothing,10m,0,7.2711797,2.5990589,0.23464501,4.2270594,1.6169916,1.5533702,4.680272,0.22145529,1
54,nothing,10m,1,0.32294613,11.92312,-0.24723709,3.9292164,1.6270751,1.5599259,1.839747,0.1536016,1
54,nothing,10m,2,0.4419139,2.3835096,0.040029526,3.934811,1.607076,1.5820656,1.3155203,0.11765541,1
