frame,material,distance,box_id,x,y,z,dx,dy,dz,heading,score,label
56,nothing,10m,0,7.27921,2.6858459,0.3717432,4.1756697,1.6208826,1.54676,4.7344327,0.23283678,1
56,nothing,10m,1,0.29904133,11.8975315,-0.30468965,3.9527745,1.6363543,1.553466,1.881409,0.20175849,1
56,nothing,10m,2,0.45506626,3.1245685,0.018021345,4.038558,1.6121126,1.6255219,1.4304664,0.11583165,1
