frame,material,distance,box_id,x,y,z,dx,dy,dz,heading,score,label
57,nothing,10m,0,7.282445,2.7032776,0.33144617,4.168164,1.6181253,1.5371468,4.6957903,0.2576392,1
57,nothing,10m,1,0.4632409,3.1043522,0.066943765,4.0325527,1.6149877,1.6236745,1.481889,0.13042134,1
57,nothing,10m,2,0.29522592,11.956505,-0.12680823,3.9469585,1.5870271,1.5861518,1.8488814,0.126273,1
