frame,material,distance,box_id,x,y,z,dx,dy,dz,heading,score,label
59,nothing,10m,0,7.498957,2.631894,0.34776378,4.2495217,1.630358,1.5623063,4.7124085,0.2222919,1
59,nothing,10m,1,0.4588685,3.134814,0.049216747,4.0576687,1.6170872,1.622648,1.4597188,0.12567657,1
59,nothing,10m,2,1.6221763,10.633114,0.35100532,3.9665997,1.4687673,1.4448206,6.037036,0.11369497,1
