frame,material,distance,box_id,x,y,z,dx,dy,dz,heading,score,label
52,nothing,10m,0,7.278777,2.7225943,0.3853916,4.1299024,1.6151222,1.52119,4.699676,0.28488553,1
52,nothing,10m,1,0.31659222,11.956373,-0.15241337,3.874739,1.587638,1.5915393,1.8019655,0.14281616,1
52,nothing,10m,2,0.46774375,3.1464872,0.04124582,4.018362,1.5977799,1.6213998,1.4833089,0.12349712,1
