frame,material,distance,box_id,x,y,z,dx,dy,dz,heading,score,label
51,nothing,10m,0,7.26268,2.7275574,0.12425327,4.1541142,1.6294655,1.5436293,4.7141194,0.19340838,1
51,nothing,10m,1,0.45581403,3.0830796,0.03430152,4.0254574,1.6114361,1.6241623,1.4152111,0.119583465,1
51,nothing,10m,2,0.3229597,11.989582,-0.066149,3.9145887,1.5304838,1.6147665,1.873158,0.114895165,1
