frame,material,distance,box_id,x,y,z,dx,dy,dz,heading,score,label
40,nothing,10m,0,7.2616963,2.7450347,0.1580813,4.1078258,1.6213515,1.5269134,4.7160225,0.20355956,1
40,nothing,10m,1,0.44950852,2.3727448,0.07115817,3.9489157,1.6056751,1.5858709,1.2641041,0.11549679,1
