frame,material,distance,box_id,x,y,z,dx,dy,dz,heading,score,label
42,nothing,10m,0,7.284911,2.647797,0.27915025,4.2041826,1.6186727,1.5486094,4.7036715,0.21595073,1
42,nothing,10m,1,0.45291108,3.1051605,0.014810085,4.019951,1.6075728,1.6203713,1.4514719,0.11643099,1
42,nothing,10m,2,1.8214495,10.611141,0.47381365,4.1108885,1.5914849,1.5014701,6.026848,0.10471077,1
