frame,material,distance,box_id,x,y,z,dx,dy,dz,heading,score,label
47,nothing,10m,0,7.5027895,2.620277,0.3531971,4.2476115,1.6238374,1.5384554,4.703027,0.24262138,1
47,nothing,10m,1,0.44928995,2.3328989,0.071047425,3.936019,1.6015414,1.5752223,1.2741762,0.12003182,1
47,nothing,10m,2,0.31031877,11.958355,-0.050442874,3.9335718,1.5569279,1.6077569,1.8761324,0.10393495,1
