frame,material,distance,box_id,x,y,z,dx,dy,dz,heading,score,label
76,spot,4m,0,7.2474837,2.8474896,0.04401505,4.00838,1.5783055,1.5048287,4.6443825,0.23036222,1
