frame,material,distance,box_id,x,y,z,dx,dy,dz,heading,score,label
72,spot,4m,0,7.2872257,2.61105,0.110531926,4.1957693,1.6194319,1.5591403,4.670423,0.21662454,1
