frame,material,distance,box_id,x,y,z,dx,dy,dz,heading,score,label
70,spot,4m,0,7.2460213,2.816481,0.05704975,4.0463634,1.5937018,1.51132,4.669855,0.21878515,1
