frame,material,distance,box_id,x,y,z,dx,dy,dz,heading,score,label
73,spot,4m,0,7.266084,2.839782,0.12263477,4.0017743,1.5826315,1.4910883,4.6575246,0.24888821,1
73,spot,4m,1,3.291768,12.606857,0.49572587,4.4412684,1.6794796,1.7764634,1.849005,0.12684114,1
