frame,material,distance,box_id,x,y,z,dx,dy,dz,heading,score,label
60,spot,4m,0,7.2428803,2.8581886,0.049749613,4.0226936,1.594638,1.5102954,4.6733212,0.20560701,1
