frame,material,distance,box_id,x,y,z,dx,dy,dz,heading,score,label
79,spot,4m,0,7.2768264,2.5987308,0.11644316,4.206459,1.6218834,1.5613229,4.663227,0.22253391,1
