frame,material,distance,box_id,x,y,z,dx,dy,dz,heading,score,label
69,spot,4m,0,7.249819,2.814066,0.07958698,4.032811,1.5932497,1.50333,4.657382,0.22967145,1
