frame,material,distance,box_id,x,y,z,dx,dy,dz,heading,score,label
64,spot,4m,0,7.2729344,2.64509,0.19644582,4.164468,1.6183214,1.5401378,4.6886344,0.258419,1
