frame,material,distance,box_id,x,y,z,dx,dy,dz,heading,score,label
71,spot,4m,0,7.4721975,2.5554225,0.09521353,4.241291,1.6377147,1.5756795,4.7124333,0.19358233,1
