frame,material,distance,box_id,x,y,z,dx,dy,dz,heading,score,label
75,spot,4m,0,7.2777143,2.6209507,0.17275631,4.214596,1.6313635,1.5615377,4.670781,0.215781,1
