frame,material,distance,box_id,x,y,z,dx,dy,dz,heading,score,label
63,spot,4m,0,7.6100492,2.9963827,0.055247307,4.030539,1.6384009,1.5355408,4.7241387,0.19998954,1
63,spot,4m,1,3.5739577,12.531334,0.41716075,4.4956517,1.6697483,1.8009593,1.7266365,0.13766697,1
