frame,material,distance,box_id,x,y,z,dx,dy,dz,heading,score,label
61,spot,4m,0,7.255355,2.836007,0.035079956,4.006528,1.5855613,1.5115496,4.6509905,0.21005952,1
