frame,material,distance,box_id,x,y,z,dx,dy,dz,heading,score,label
67,spot,4m,0,7.2893105,2.6824014,0.21694279,4.154593,1.6144904,1.5487373,4.698332,0.20813465,1
