frame,material,distance,box_id,x,y,z,dx,dy,dz,heading,score,label
62,spot,4m,0,7.251366,2.8548007,0.028155088,4.024859,1.6005001,1.5130779,4.6678753,0.20721851,1
