frame,material,distance,box_id,x,y,z,dx,dy,dz,heading,score,label
74,spot,4m,0,7.255266,2.871163,0.041044235,4.012116,1.5990149,1.5062442,4.6721926,0.21850456,1
