frame,material,distance,box_id,x,y,z,dx,dy,dz,heading,score,label
66,spot,4m,0,7.2814107,2.6409185,0.19533944,4.200579,1.6277508,1.556913,4.6826506,0.22330695,1
