frame,material,distance,box_id,x,y,z,dx,dy,dz,heading,score,label
77,spot,4m,0,7.482603,2.5383244,0.17876995,4.282579,1.6395903,1.5681081,4.7033834,0.21412554,1
