frame,material,distance,box_id,x,y,z,dx,dy,dz,heading,score,label
78,spot,4m,0,7.294232,2.6468751,0.15615416,4.1711116,1.6204891,1.5521188,4.6871204,0.21908857,1
