frame,material,distance,box_id,x,y,z,dx,dy,dz,heading,score,label
68,spot,4m,0,7.2818937,2.5887988,0.14291966,4.238325,1.6199764,1.5628084,4.6740155,0.20539194,1
