frame,material,distance,box_id,x,y,z,dx,dy,dz,heading,score,label
65,spot,4m,0,7.274992,2.6499112,0.19399452,4.1723576,1.6163119,1.548409,4.6865873,0.20815149,1
