frame,material,distance,box_id,x,y,z,dx,dy,dz,heading,score,label
42,nothing,7m,0,7.269188,2.7511306,0.21291459,4.1231594,1.6122929,1.5527796,4.6857553,0.23104948,1
42,nothing,7m,1,0.45131436,3.0880778,0.065155625,4.0639973,1.6046963,1.6417865,1.4099603,0.109196305,1
