frame,material,distance,box_id,x,y,z,dx,dy,dz,heading,score,label
49,nothing,7m,0,7.275377,2.6608365,0.2376138,4.2037063,1.62189,1.5578152,4.6908007,0.22502616,1
49,nothing,7m,1,0.43361446,2.7800472,0.07506275,4.0147033,1.6071272,1.5949352,1.437878,0.11972209,1
