frame,material,distance,box_id,x,y,z,dx,dy,dz,heading,score,label
55,nothing,7m,0,7.2911854,2.632261,0.16401327,4.200092,1.6212561,1.5568688,4.6860723,0.23685195,1
55,nothing,7m,1,0.44920555,3.0821438,0.047059655,4.0847135,1.6167452,1.6351652,1.4307132,0.10932541,1
