frame,material,distance,box_id,x,y,z,dx,dy,dz,heading,score,label
48,nothing,7m,0,7.2847743,2.6949306,0.36353076,4.1666975,1.6200237,1.536493,4.714799,0.22890809,1
48,nothing,7m,1,0.4524135,3.0910528,0.040493965,4.0732856,1.6109742,1.6319145,1.4271278,0.11281218,1
48,nothing,7m,2,-0.032477487,11.008571,-0.39606977,3.7332165,1.6152899,1.5449592,2.5380225,0.10294091,1
