frame,material,distance,box_id,x,y,z,dx,dy,dz,heading,score,label
56,nothing,7m,0,7.286945,2.7042577,0.24329066,4.173988,1.6127762,1.5433105,4.693802,0.21769576,1
56,nothing,7m,1,0.4474544,2.3321297,0.06361008,3.9341576,1.6031294,1.5779952,1.2895144,0.12182238,1
