frame,material,distance,box_id,x,y,z,dx,dy,dz,heading,score,label
53,nothing,7m,0,7.2906303,2.7136638,0.17337537,4.1534953,1.6167911,1.5598089,4.6907477,0.21841615,1
53,nothing,7m,1,0.43822712,2.330596,0.07497823,3.9704182,1.609224,1.5890486,1.2622097,0.10657122,1
53,nothing,7m,2,-0.015376328,10.6902275,-0.38424414,3.6908202,1.5982752,1.5411016,2.7367465,0.101303525,1
