frame,material,distance,box_id,x,y,z,dx,dy,dz,heading,score,label
50,nothing,7m,0,7.2783155,2.7322493,0.24280941,4.133965,1.6149018,1.5447094,4.7095394,0.22351736,1
50,nothing,7m,1,0.43319407,2.7893908,0.05621934,3.9918118,1.604353,1.5891864,1.4518579,0.11529317,1
