frame,material,distance,box_id,x,y,z,dx,dy,dz,heading,score,label
54,nothing,7m,0,7.4909883,2.656332,0.34821963,4.2317386,1.6303797,1.5666319,4.7277684,0.21918073,1
