frame,material,distance,box_id,x,y,z,dx,dy,dz,heading,score,label
41,nothing,7m,0,7.498851,2.5616398,0.24025309,4.2752957,1.6330298,1.5566721,4.721239,0.20957701,1
41,nothing,7m,1,0.43634874,3.074908,0.04998243,4.056981,1.6034569,1.6362123,1.4091431,0.104325734,1
41,nothing,7m,2,-0.033367913,11.011512,-0.38599086,3.717511,1.6089993,1.5449438,2.5439334,0.10357929,1
