frame,material,distance,box_id,x,y,z,dx,dy,dz,heading,score,label
46,nothing,7m,0,7.291428,2.676152,0.17208219,4.1942773,1.622242,1.5609587,4.6930513,0.21455169,1
46,nothing,7m,1,0.44536218,3.104235,0.05767083,4.081363,1.6126909,1.6366235,1.4237077,0.105665326,1
