frame,material,distance,box_id,x,y,z,dx,dy,dz,heading,score,label
45,nothing,7m,0,7.27746,2.6685863,0.29915857,4.2078815,1.6338373,1.5603895,4.700099,0.19583905,1
45,nothing,7m,1,0.45235792,3.1069121,0.047208905,4.061447,1.605421,1.6254897,1.4305465,0.11798451,1
