frame,material,distance,box_id,x,y,z,dx,dy,dz,heading,score,label
58,nothing,7m,0,7.489523,2.6282933,0.3155117,4.2630186,1.6399508,1.5717175,4.743109,0.23037629,1
58,nothing,7m,1,0.44606987,3.1100118,0.02856934,4.0628033,1.6104769,1.6270094,1.4444852,0.11090157,1
58,nothing,7m,2,3.27392,12.706685,0.48077,4.5550237,1.694621,1.8910621,1.9670583,0.10679667,1
58,nothing,7m,3,0.35670334,10.69069,-0.31837434,3.6686082,1.6345032,1.5639523,1.8806238,0.102386065,1
