frame,material,distance,box_id,x,y,z,dx,dy,dz,heading,score,label
40,nothing,7m,0,7.2762413,2.6172423,0.13821661,4.1929383,1.6215191,1.5732651,4.679556,0.20054966,1
40,nothing,7m,1,0.4497422,3.0593429,0.0638845,4.071238,1.6113697,1.6388185,1.3805883,0.10806876,1
