frame,material,distance,box_id,x,y,z,dx,dy,dz,heading,score,label
47,nothing,7m,0,7.490096,2.5470686,0.19778562,4.243691,1.649455,1.5846323,4.7268205,0.16575627,1
47,nothing,7m,1,0.45247647,3.0983176,0.06018591,4.078209,1.6110321,1.6315937,1.4427066,0.115363985,1
