frame,material,distance,box_id,x,y,z,dx,dy,dz,heading,score,label
52,nothing,7m,0,7.2825584,2.580135,0.21265256,4.234841,1.6221603,1.554915,4.6894917,0.22922389,1
52,nothing,7m,1,-0.038100388,11.014845,-0.39329976,3.752289,1.6198949,1.5461011,2.5212831,0.11011834,1
52,nothing,7m,2,0.44253677,3.0910485,0.027871132,4.043251,1.6100565,1.633389,1.4634804,0.104218535,1
