frame,material,distance,box_id,x,y,z,dx,dy,dz,heading,score,label
44,nothing,7m,0,7.2739573,2.6205614,0.2707082,4.2254844,1.6241808,1.5498552,4.690926,0.24545312,1
44,nothing,7m,1,0.4382384,3.0994337,0.052942634,4.069675,1.6157693,1.6354685,1.4234402,0.10599692,1
