frame,material,distance,box_id,x,y,z,dx,dy,dz,heading,score,label
43,nothing,7m,0,7.265706,2.7197754,-0.0046640635,4.1028733,1.6239666,1.5409118,4.6896944,0.17987737,1
43,nothing,7m,1,0.4390914,2.328299,0.076803684,3.9347801,1.6053733,1.5846186,1.2656951,0.10353394,1
