frame,material,distance,box_id,x,y,z,dx,dy,dz,heading,score,label
57,nothing,7m,0,7.2792573,2.6976655,0.23149467,4.147357,1.6137091,1.5413908,4.695945,0.25769812,1
