frame,material,distance,box_id,x,y,z,dx,dy,dz,heading,score,label
59,nothing,7m,0,7.491419,2.5956943,0.22988379,4.2669754,1.6327069,1.5673907,4.7106457,0.20842902,1
59,nothing,7m,1,0.45058998,3.1144693,0.06330371,4.0706596,1.611564,1.6391463,1.4303308,0.1100692,1
