filename,center_x,center_y,center_z
car_10m,0.6823311973188406,10.810029710144928,0.8863687681159421
car_4m,-0.30748664944308945,4.092438604336043,1.0185024104336045
car_7m,0.4728658917,7.8232513500000005,0.86539257
