filename,center_x,center_y,center_z
car_10m,10.810029710144928,-0.6823311973188406,0.8863687681159421
car_4m,4.092438604336043,0.30748664944308945,1.0185024104336045
car_7m,7.8232513500000005,-0.4728658917,0.86539257
